system,episode,t,n_gold,n_hit,all_hit,has_gold,ctx_tokens,full_tokens
long_context,1,1,0,0,0,0,394,376
long_context,1,2,1,1,1,1,878,846
long_context,1,3,1,1,1,1,1232,1186
long_context,1,4,4,4,1,1,1700,1640
long_context,1,5,3,3,1,1,2108,2034
long_context,1,6,4,4,1,1,2560,2472
long_context,1,7,2,2,1,1,3023,2921
long_context,1,8,5,5,1,1,3439,3323
long_context,2,1,0,0,0,0,379,361
long_context,2,2,3,3,1,1,837,805
long_context,2,3,1,1,1,1,1314,1268
long_context,2,4,2,2,1,1,1684,1624
long_context,2,5,3,3,1,1,2050,1976
long_context,2,6,0,0,0,0,2447,2359
long_context,2,7,3,3,1,1,2792,2690
long_context,3,1,0,0,0,0,389,371
long_context,3,2,1,1,1,1,920,888
long_context,3,3,3,3,1,1,1272,1226
long_context,3,4,3,3,1,1,1697,1637
long_context,3,5,4,4,1,1,2179,2105
long_context,3,6,5,5,1,1,2632,2544
long_context,3,7,2,2,1,1,3199,3097
long_context,3,8,0,0,0,0,3620,3504
long_context,4,1,0,0,0,0,360,342
long_context,4,2,2,2,1,1,836,804
long_context,4,3,1,1,1,1,1211,1165
long_context,4,4,4,4,1,1,1565,1505
long_context,4,5,2,2,1,1,1940,1866
long_context,4,6,4,4,1,1,2350,2262
long_context,4,7,3,3,1,1,2844,2742
long_context,4,8,2,2,1,1,3241,3125
long_context,5,1,0,0,0,0,367,349
long_context,5,2,5,5,1,1,872,840
long_context,5,3,2,2,1,1,1369,1323
long_context,5,4,3,3,1,1,1720,1660
long_context,5,5,5,5,1,1,2211,2137
long_context,5,6,3,3,1,1,2615,2527
long_context,6,1,0,0,0,0,706,688
long_context,6,2,3,3,1,1,1808,1776
long_context,6,3,7,7,1,1,2557,2511
long_context,6,4,6,6,1,1,3489,3429
long_context,6,5,4,4,1,1,4505,4431
long_context,6,6,7,7,1,1,5264,5176
long_context,7,1,0,0,0,0,672,654
long_context,7,2,2,2,1,1,1554,1522
long_context,7,3,7,6,0,1,2287,2241
long_context,7,4,6,6,1,1,3161,3101
long_context,7,5,4,4,1,1,4049,3975
long_context,7,6,6,6,1,1,4751,4663
long_context,8,1,0,0,0,0,700,682
long_context,8,2,5,5,1,1,1606,1574
long_context,8,3,7,7,1,1,2493,2447
long_context,8,4,6,6,1,1,3445,3385
long_context,8,5,6,6,1,1,4297,4223
long_context,9,1,0,0,0,0,655,637
long_context,9,2,3,3,1,1,1568,1536
long_context,9,3,9,9,1,1,2394,2348
long_context,9,4,6,6,1,1,3270,3210
long_context,9,5,5,5,1,1,4117,4043
long_context,10,1,0,0,0,0,639,621
long_context,10,2,7,7,1,1,1586,1554
long_context,10,3,5,5,1,1,2318,2272
long_context,10,4,6,6,1,1,3028,2968
long_context,10,5,9,9,1,1,3798,3724
long_context,10,6,4,4,1,1,4629,4541
long_context,11,1,0,0,0,0,958,940
long_context,11,2,6,6,1,1,2451,2419
long_context,11,3,6,6,1,1,3504,3458
long_context,11,4,11,11,1,1,4597,4537
long_context,11,5,8,8,1,1,5698,5624
long_context,11,6,4,4,1,1,6955,6867
long_context,11,7,8,8,1,1,8028,7926
long_context,11,8,10,10,1,1,9177,9061
long_context,12,1,0,0,0,0,1007,989
long_context,12,2,5,5,1,1,2390,2358
long_context,12,3,11,11,1,1,3591,3545
long_context,12,4,6,6,1,1,4855,4795
long_context,12,5,7,7,1,1,6001,5927
long_context,12,6,4,4,1,1,7249,7161
long_context,12,7,4,4,1,1,8384,8282
long_context,12,8,11,11,1,1,9477,9361
long_context,13,1,0,0,0,0,891,873
long_context,13,2,8,8,1,1,2215,2183
long_context,13,3,8,8,1,1,3335,3289
long_context,13,4,6,6,1,1,4402,4342
long_context,13,5,6,6,1,1,5440,5366
long_context,13,6,8,8,1,1,6503,6415
long_context,14,1,0,0,0,0,882,864
long_context,14,2,5,5,1,1,2279,2247
long_context,14,3,8,8,1,1,3337,3291
long_context,14,4,7,7,1,1,4399,4339
long_context,14,5,7,7,1,1,5435,5361
long_context,14,6,3,3,1,1,6491,6403
long_context,14,7,3,3,1,1,7561,7459
long_context,15,1,0,0,0,0,894,876
long_context,15,2,7,7,1,1,2302,2270
long_context,15,3,6,6,1,1,3383,3337
long_context,15,4,10,10,1,1,4500,4440
long_context,15,5,8,8,1,1,5632,5558
long_context,15,6,7,7,1,1,6729,6641
long_context,15,7,8,8,1,1,7807,7705
long_context,15,8,8,8,1,1,8999,8883
long_context,16,1,0,0,0,0,355,337
long_context,16,2,1,1,1,1,796,764
long_context,16,3,5,5,1,1,1105,1059
long_context,16,4,4,4,1,1,1560,1500
long_context,16,5,5,5,1,1,1914,1840
long_context,16,6,2,2,1,1,2297,2209
long_context,16,7,2,2,1,1,2620,2518
long_context,17,1,0,0,0,0,380,362
long_context,17,2,5,5,1,1,967,935
long_context,17,3,1,1,1,1,1505,1459
long_context,17,4,3,3,1,1,1864,1804
long_context,17,5,3,3,1,1,2312,2238
long_context,18,1,0,0,0,0,385,367
long_context,18,2,1,1,1,1,825,793
long_context,18,3,3,3,1,1,1185,1139
long_context,18,4,3,3,1,1,1647,1587
long_context,18,5,2,2,1,1,2063,1989
long_context,18,6,3,3,1,1,2404,2316
long_context,18,7,4,4,1,1,2849,2747
long_context,18,8,3,3,1,1,3235,3119
long_context,19,1,0,0,0,0,356,338
long_context,19,2,3,3,1,1,845,813
long_context,19,3,3,3,1,1,1229,1183
long_context,19,4,3,3,1,1,1611,1551
long_context,19,5,4,4,1,1,2052,1978
long_context,19,6,5,5,1,1,2495,2407
long_context,20,1,0,0,0,0,345,327
long_context,20,2,1,1,1,1,786,754
long_context,20,3,2,2,1,1,1080,1034
long_context,20,4,0,0,0,0,1442,1382
long_context,20,5,4,4,1,1,1727,1653
long_context,20,6,2,2,1,1,2102,2014
long_context,20,7,1,1,1,1,2479,2377
long_context,21,1,0,0,0,0,684,666
long_context,21,2,3,3,1,1,1665,1633
long_context,21,3,5,5,1,1,2542,2496
long_context,21,4,6,6,1,1,3305,3245
long_context,21,5,4,4,1,1,4100,4026
long_context,21,6,4,4,1,1,4870,4782
long_context,22,1,0,0,0,0,727,709
long_context,22,2,7,7,1,1,1837,1805
long_context,22,3,5,5,1,1,2807,2761
long_context,22,4,6,6,1,1,3800,3740
long_context,22,5,2,2,1,1,4694,4620
long_context,22,6,5,5,1,1,5485,5397
long_context,22,7,4,4,1,1,6287,6185
long_context,22,8,3,3,1,1,7089,6973
long_context,23,1,0,0,0,0,660,642
long_context,23,2,3,3,1,1,1612,1580
long_context,23,3,4,4,1,1,2323,2277
long_context,23,4,5,5,1,1,3033,2973
long_context,23,5,6,6,1,1,3764,3690
long_context,23,6,3,3,1,1,4475,4387
long_context,23,7,3,3,1,1,5286,5184
long_context,24,1,0,0,0,0,618,600
long_context,24,2,7,7,1,1,1502,1470
long_context,24,3,4,4,1,1,2303,2257
long_context,24,4,7,7,1,1,3030,2970
long_context,24,5,6,6,1,1,3796,3722
long_context,24,6,12,12,1,1,4551,4463
long_context,25,1,0,0,0,0,696,678
long_context,25,2,4,4,1,1,1585,1553
long_context,25,3,7,7,1,1,2354,2308
long_context,25,4,3,3,1,1,3170,3110
long_context,25,5,3,3,1,1,3899,3825
long_context,25,6,3,3,1,1,4660,4572
long_context,25,7,4,4,1,1,5487,5385
long_context,26,1,0,0,0,0,1001,983
long_context,26,2,8,8,1,1,2414,2382
long_context,26,3,6,6,1,1,3658,3612
long_context,26,4,6,6,1,1,4815,4755
long_context,26,5,6,6,1,1,5867,5793
long_context,26,6,10,10,1,1,6943,6855
long_context,26,7,10,10,1,1,7996,7894
long_context,27,1,0,0,0,0,1011,993
long_context,27,2,8,8,1,1,2467,2435
long_context,27,3,7,7,1,1,3733,3687
long_context,27,4,7,7,1,1,4979,4919
long_context,27,5,12,12,1,1,6235,6161
long_context,27,6,11,11,1,1,7497,7409
long_context,28,1,0,0,0,0,921,903
long_context,28,2,8,8,1,1,2218,2186
long_context,28,3,10,10,1,1,3408,3362
long_context,28,4,17,17,1,1,4449,4389
long_context,28,5,7,7,1,1,5462,5388
long_context,28,6,4,4,1,1,6596,6508
long_context,28,7,5,5,1,1,7559,7457
long_context,28,8,8,8,1,1,8585,8469
long_context,29,1,0,0,0,0,925,907
long_context,29,2,5,5,1,1,2283,2251
long_context,29,3,7,7,1,1,3396,3350
long_context,29,4,9,9,1,1,4539,4479
long_context,29,5,7,7,1,1,5766,5692
long_context,29,6,9,9,1,1,6992,6904
long_context,29,7,22,22,1,1,8131,8029
long_context,29,8,6,6,1,1,9401,9285
long_context,30,1,0,0,0,0,822,804
long_context,30,2,5,5,1,1,2081,2049
long_context,30,3,8,8,1,1,3255,3209
long_context,30,4,4,4,1,1,4228,4168
long_context,30,5,10,10,1,1,5212,5138
long_context,31,1,0,0,0,0,431,413
long_context,31,2,3,3,1,1,931,899
long_context,31,3,4,4,1,1,1417,1371
long_context,31,4,3,3,1,1,1845,1785
long_context,31,5,3,3,1,1,2265,2191
long_context,31,6,3,3,1,1,2673,2585
long_context,31,7,3,3,1,1,3143,3041
long_context,32,1,0,0,0,0,368,350
long_context,32,2,1,1,1,1,865,833
long_context,32,3,4,4,1,1,1248,1202
long_context,32,4,5,5,1,1,1642,1582
long_context,32,5,2,2,1,1,2125,2051
long_context,32,6,5,5,1,1,2511,2423
long_context,32,7,3,3,1,1,2964,2862
long_context,32,8,4,4,1,1,3434,3318
long_context,33,1,0,0,0,0,395,377
long_context,33,2,2,2,1,1,983,951
long_context,33,3,2,2,1,1,1388,1342
long_context,33,4,2,2,1,1,1789,1729
long_context,33,5,2,2,1,1,2243,2169
long_context,33,6,4,4,1,1,2634,2546
long_context,33,7,2,2,1,1,3088,2986
long_context,33,8,1,1,1,1,3580,3464
long_context,34,1,0,0,0,0,386,368
long_context,34,2,4,4,1,1,881,849
long_context,34,3,4,4,1,1,1292,1246
long_context,34,4,1,1,1,1,1726,1666
long_context,34,5,5,5,1,1,2126,2052
long_context,35,1,0,0,0,0,409,391
long_context,35,2,2,2,1,1,954,922
long_context,35,3,2,2,1,1,1348,1302
long_context,35,4,5,5,1,1,1779,1719
long_context,35,5,2,2,1,1,2314,2240
long_context,35,6,4,4,1,1,2705,2617
long_context,36,1,0,0,0,0,681,663
long_context,36,2,3,3,1,1,1438,1406
long_context,36,3,7,7,1,1,2298,2252
long_context,36,4,5,5,1,1,3161,3101
long_context,36,5,5,5,1,1,3922,3848
long_context,36,6,8,8,1,1,4628,4540
long_context,36,7,7,7,1,1,5571,5469
long_context,37,1,0,0,0,0,635,617
long_context,37,2,6,6,1,1,1670,1638
long_context,37,3,7,7,1,1,2406,2360
long_context,37,4,6,6,1,1,3182,3122
long_context,37,5,9,9,1,1,3933,3859
long_context,37,6,4,4,1,1,4731,4643
long_context,38,1,0,0,0,0,726,708
long_context,38,2,4,4,1,1,1815,1783
long_context,38,3,4,4,1,1,2505,2459
long_context,38,4,5,5,1,1,3254,3194
long_context,38,5,6,6,1,1,4037,3963
long_context,38,6,7,7,1,1,4865,4777
long_context,38,7,2,2,1,1,5620,5518
long_context,39,1,0,0,0,0,659,641
long_context,39,2,6,6,1,1,1566,1534
long_context,39,3,7,7,1,1,2407,2361
long_context,39,4,4,4,1,1,3179,3119
long_context,39,5,6,6,1,1,4021,3947
long_context,39,6,2,2,1,1,4724,4636
long_context,39,7,5,5,1,1,5441,5339
long_context,40,1,0,0,0,0,826,808
long_context,40,2,8,8,1,1,1901,1869
long_context,40,3,4,4,1,1,2899,2853
long_context,40,4,9,9,1,1,3761,3701
long_context,40,5,5,5,1,1,4848,4774
long_context,41,1,0,0,0,0,926,908
long_context,41,2,4,4,1,1,2326,2294
long_context,41,3,7,7,1,1,3399,3353
long_context,41,4,13,13,1,1,4515,4455
long_context,41,5,10,10,1,1,5719,5645
long_context,41,6,6,6,1,1,6881,6793
long_context,41,7,15,15,1,1,7921,7819
long_context,41,8,17,17,1,1,9086,8970
long_context,42,1,0,0,0,0,1021,1003
long_context,42,2,2,2,1,1,2583,2551
long_context,42,3,7,7,1,1,3678,3632
long_context,42,4,7,7,1,1,5047,4987
long_context,42,5,17,17,1,1,6315,6241
long_context,42,6,7,7,1,1,7643,7555
long_context,42,7,7,7,1,1,8840,8738
long_context,42,8,9,9,1,1,10106,9990
long_context,43,1,0,0,0,0,869,851
long_context,43,2,9,9,1,1,2109,2077
long_context,43,3,10,10,1,1,3229,3183
long_context,43,4,11,11,1,1,4246,4186
long_context,43,5,12,12,1,1,5289,5215
long_context,44,1,0,0,0,0,991,973
long_context,44,2,6,6,1,1,2391,2359
long_context,44,3,7,7,1,1,3541,3495
long_context,44,4,5,5,1,1,4708,4648
long_context,44,5,6,6,1,1,5731,5657
long_context,44,6,16,16,1,1,6901,6813
long_context,45,1,0,0,0,0,828,810
long_context,45,2,9,9,1,1,2020,1988
long_context,45,3,8,8,1,1,3068,3022
long_context,45,4,5,5,1,1,4023,3963
long_context,45,5,5,5,1,1,4891,4817
long_context,45,6,8,8,1,1,5835,5747
long_context,45,7,9,9,1,1,6928,6826
long_context,46,1,0,0,0,0,394,376
long_context,46,2,3,3,1,1,890,858
long_context,46,3,3,3,1,1,1311,1265
long_context,46,4,3,3,1,1,1801,1741
long_context,46,5,0,0,0,0,2237,2163
long_context,46,6,3,3,1,1,2628,2540
long_context,46,7,3,3,1,1,3119,3017
long_context,46,8,4,4,1,1,3638,3522
long_context,47,1,0,0,0,0,379,361
long_context,47,2,2,2,1,1,888,856
long_context,47,3,1,1,1,1,1357,1311
long_context,47,4,2,2,1,1,1828,1768
long_context,47,5,4,4,1,1,2251,2177
long_context,47,6,1,1,1,1,2741,2653
long_context,47,7,2,2,1,1,3165,3063
long_context,47,8,3,3,1,1,3587,3471
long_context,48,1,0,0,0,0,388,370
long_context,48,2,2,2,1,1,863,831
long_context,48,3,0,0,0,0,1276,1230
long_context,48,4,3,3,1,1,1618,1558
long_context,48,5,2,2,1,1,2058,1984
long_context,48,6,1,1,1,1,2476,2388
long_context,48,7,2,2,1,1,2907,2805
long_context,48,8,2,2,1,1,3303,3187
long_context,49,1,0,0,0,0,361,343
long_context,49,2,3,3,1,1,840,808
long_context,49,3,1,1,1,1,1274,1228
long_context,49,4,0,0,0,0,1618,1558
long_context,49,5,2,2,1,1,2068,1994
long_context,49,6,2,2,1,1,2475,2387
long_context,49,7,1,1,1,1,2888,2786
long_context,49,8,4,4,1,1,3332,3216
long_context,50,1,0,0,0,0,365,347
long_context,50,2,5,5,1,1,1041,1009
long_context,50,3,2,2,1,1,1522,1476
long_context,50,4,4,4,1,1,2026,1966
long_context,50,5,3,3,1,1,2546,2472
long_context,51,1,0,0,0,0,706,688
long_context,51,2,6,6,1,1,1631,1599
long_context,51,3,4,4,1,1,2518,2472
long_context,51,4,6,6,1,1,3318,3258
long_context,51,5,6,6,1,1,4385,4311
long_context,51,6,2,2,1,1,5315,5227
long_context,51,7,5,5,1,1,6115,6013
long_context,52,1,0,0,0,0,672,654
long_context,52,2,5,5,1,1,1602,1570
long_context,52,3,7,7,1,1,2383,2337
long_context,52,4,8,7,0,1,3155,3095
long_context,52,5,9,9,1,1,3918,3844
long_context,52,6,6,6,1,1,4714,4626
long_context,52,7,4,4,1,1,5543,5441
long_context,53,1,0,0,0,0,699,681
long_context,53,2,2,2,1,1,1742,1710
long_context,53,3,5,5,1,1,2588,2542
long_context,53,4,5,5,1,1,3504,3444
long_context,53,5,7,7,1,1,4302,4228
long_context,53,6,4,4,1,1,5143,5055
long_context,54,1,0,0,0,0,656,638
long_context,54,2,5,5,1,1,1598,1566
long_context,54,3,3,3,1,1,2366,2320
long_context,54,4,8,8,1,1,3148,3088
long_context,54,5,5,5,1,1,3990,3916
long_context,55,1,0,0,0,0,638,620
long_context,55,2,4,4,1,1,1469,1437
long_context,55,3,3,3,1,1,2241,2195
long_context,55,4,2,2,1,1,3061,3001
long_context,55,5,7,7,1,1,3747,3673
long_context,56,1,0,0,0,0,958,940
long_context,56,2,7,7,1,1,2347,2315
long_context,56,3,4,4,1,1,3631,3585
long_context,56,4,6,6,1,1,4813,4753
long_context,56,5,6,6,1,1,5973,5899
long_context,57,1,0,0,0,0,1007,989
long_context,57,2,3,3,1,1,2468,2436
long_context,57,3,7,7,1,1,3577,3531
long_context,57,4,2,2,1,1,4814,4754
long_context,57,5,8,8,1,1,6021,5947
long_context,57,6,5,5,1,1,7443,7355
long_context,57,7,7,7,1,1,8695,8593
long_context,58,1,0,0,0,0,891,873
long_context,58,2,4,4,1,1,2443,2411
long_context,58,3,6,6,1,1,3535,3489
long_context,58,4,9,9,1,1,4691,4631
long_context,58,5,9,9,1,1,5875,5801
long_context,59,1,0,0,0,0,883,865
long_context,59,2,10,10,1,1,2149,2117
long_context,59,3,6,6,1,1,3401,3355
long_context,59,4,7,7,1,1,4607,4547
long_context,59,5,4,4,1,1,5772,5698
long_context,59,6,4,4,1,1,6799,6711
long_context,59,7,8,8,1,1,7997,7895
long_context,60,1,0,0,0,0,895,877
long_context,60,2,10,10,1,1,2404,2372
long_context,60,3,4,4,1,1,3606,3560
long_context,60,4,6,6,1,1,4627,4567
long_context,60,5,6,6,1,1,5795,5721
long_context,60,6,5,5,1,1,6898,6810
long_context,60,7,9,9,1,1,8026,7924
bm25,1,1,0,0,0,0,385,376
bm25,1,2,1,1,1,1,860,846
bm25,1,3,1,1,1,1,1205,1186
bm25,1,4,4,4,1,1,1189,1640
bm25,1,5,3,3,1,1,1243,2034
bm25,1,6,4,4,1,1,1305,2472
bm25,1,7,2,2,1,1,1360,2921
bm25,1,8,5,5,1,1,1308,3323
bm25,2,1,0,0,0,0,370,361
bm25,2,2,3,3,1,1,819,805
bm25,2,3,1,1,1,1,1287,1268
bm25,2,4,2,1,0,1,1199,1624
bm25,2,5,3,3,1,1,1278,1976
bm25,2,6,0,0,0,0,1115,2359
bm25,2,7,3,3,1,1,1221,2690
bm25,3,1,0,0,0,0,380,371
bm25,3,2,1,1,1,1,902,888
bm25,3,3,3,3,1,1,1245,1226
bm25,3,4,3,3,1,1,1318,1637
bm25,3,5,4,4,1,1,1269,2105
bm25,3,6,5,5,1,1,1443,2544
bm25,3,7,2,2,1,1,1460,3097
bm25,3,8,0,0,0,0,1496,3504
bm25,4,1,0,0,0,0,351,342
bm25,4,2,2,2,1,1,818,804
bm25,4,3,1,1,1,1,1184,1165
bm25,4,4,4,3,0,1,1062,1505
bm25,4,5,2,1,0,1,1083,1866
bm25,4,6,4,3,0,1,1238,2262
bm25,4,7,3,3,1,1,1256,2742
bm25,4,8,2,2,1,1,1344,3125
bm25,5,1,0,0,0,0,358,349
bm25,5,2,5,5,1,1,854,840
bm25,5,3,2,2,1,1,1342,1323
bm25,5,4,3,3,1,1,1188,1660
bm25,5,5,5,5,1,1,1328,2137
bm25,5,6,3,3,1,1,1470,2527
bm25,6,1,0,0,0,0,697,688
bm25,6,2,3,3,1,1,1790,1776
bm25,6,3,7,7,1,1,2530,2511
bm25,6,4,6,6,1,1,2360,3429
bm25,6,5,4,3,0,1,2444,4431
bm25,6,6,7,7,1,1,2454,5176
bm25,7,1,0,0,0,0,663,654
bm25,7,2,2,2,1,1,1536,1522
bm25,7,3,7,6,0,1,2260,2241
bm25,7,4,6,6,1,1,2401,3101
bm25,7,5,4,4,1,1,2407,3975
bm25,7,6,6,3,0,1,2235,4663
bm25,8,1,0,0,0,0,691,682
bm25,8,2,5,5,1,1,1588,1574
bm25,8,3,7,7,1,1,2466,2447
bm25,8,4,6,6,1,1,2531,3385
bm25,8,5,6,6,1,1,2412,4223
bm25,9,1,0,0,0,0,646,637
bm25,9,2,3,3,1,1,1550,1536
bm25,9,3,9,9,1,1,2367,2348
bm25,9,4,6,6,1,1,2417,3210
bm25,9,5,5,4,0,1,2301,4043
bm25,10,1,0,0,0,0,630,621
bm25,10,2,7,7,1,1,1568,1554
bm25,10,3,5,5,1,1,2291,2272
bm25,10,4,6,5,0,1,2054,2968
bm25,10,5,9,9,1,1,2092,3724
bm25,10,6,4,3,0,1,2390,4541
bm25,11,1,0,0,0,0,949,940
bm25,11,2,6,6,1,1,2433,2419
bm25,11,3,6,6,1,1,3477,3458
bm25,11,4,11,10,0,1,3077,4537
bm25,11,5,8,8,1,1,3517,5624
bm25,11,6,4,3,0,1,3681,6867
bm25,11,7,8,7,0,1,3497,7926
bm25,11,8,10,10,1,1,3337,9061
bm25,12,1,0,0,0,0,998,989
bm25,12,2,5,5,1,1,2372,2358
bm25,12,3,11,11,1,1,3564,3545
bm25,12,4,6,6,1,1,3627,4795
bm25,12,5,7,6,0,1,3390,5927
bm25,12,6,4,4,1,1,3611,7161
bm25,12,7,4,3,0,1,3363,8282
bm25,12,8,11,10,0,1,3208,9361
bm25,13,1,0,0,0,0,882,873
bm25,13,2,8,8,1,1,2197,2183
bm25,13,3,8,8,1,1,3308,3289
bm25,13,4,6,5,0,1,3051,4342
bm25,13,5,6,5,0,1,2969,5366
bm25,13,6,8,7,0,1,2965,6415
bm25,14,1,0,0,0,0,873,864
bm25,14,2,5,5,1,1,2261,2247
bm25,14,3,8,8,1,1,3310,3291
bm25,14,4,7,7,1,1,3314,4339
bm25,14,5,7,7,1,1,3288,5361
bm25,14,6,3,3,1,1,3308,6403
bm25,14,7,3,1,0,1,3500,7459
bm25,15,1,0,0,0,0,885,876
bm25,15,2,7,7,1,1,2284,2270
bm25,15,3,6,6,1,1,3356,3337
bm25,15,4,10,6,0,1,3065,4440
bm25,15,5,8,7,0,1,3407,5558
bm25,15,6,7,6,0,1,3045,6641
bm25,15,7,8,6,0,1,3595,7705
bm25,15,8,8,5,0,1,3137,8883
bm25,16,1,0,0,0,0,346,337
bm25,16,2,1,1,1,1,778,764
bm25,16,3,5,5,1,1,1078,1059
bm25,16,4,4,3,0,1,1092,1500
bm25,16,5,5,3,0,1,1095,1840
bm25,16,6,2,1,0,1,1023,2209
bm25,16,7,2,2,1,1,1138,2518
bm25,17,1,0,0,0,0,371,362
bm25,17,2,5,5,1,1,949,935
bm25,17,3,1,1,1,1,1478,1459
bm25,17,4,3,3,1,1,1250,1804
bm25,17,5,3,3,1,1,1322,2238
bm25,18,1,0,0,0,0,376,367
bm25,18,2,1,1,1,1,807,793
bm25,18,3,3,3,1,1,1158,1139
bm25,18,4,3,3,1,1,1180,1587
bm25,18,5,2,2,1,1,1214,1989
bm25,18,6,3,2,0,1,1220,2316
bm25,18,7,4,3,0,1,1225,2747
bm25,18,8,3,3,1,1,1248,3119
bm25,19,1,0,0,0,0,347,338
bm25,19,2,3,3,1,1,827,813
bm25,19,3,3,3,1,1,1202,1183
bm25,19,4,3,3,1,1,1200,1551
bm25,19,5,4,4,1,1,1259,1978
bm25,19,6,5,5,1,1,1213,2407
bm25,20,1,0,0,0,0,336,327
bm25,20,2,1,1,1,1,768,754
bm25,20,3,2,2,1,1,1053,1034
bm25,20,4,0,0,0,0,974,1382
bm25,20,5,4,4,1,1,965,1653
bm25,20,6,2,2,1,1,1055,2014
bm25,20,7,1,1,1,1,1170,2377
bm25,21,1,0,0,0,0,675,666
bm25,21,2,3,3,1,1,1647,1633
bm25,21,3,5,5,1,1,2515,2496
bm25,21,4,6,6,1,1,2297,3245
bm25,21,5,4,4,1,1,2433,4026
bm25,21,6,4,3,0,1,2190,4782
bm25,22,1,0,0,0,0,718,709
bm25,22,2,7,7,1,1,1819,1805
bm25,22,3,5,5,1,1,2780,2761
bm25,22,4,6,6,1,1,2663,3740
bm25,22,5,2,1,0,1,2704,4620
bm25,22,6,5,3,0,1,2385,5397
bm25,22,7,4,3,0,1,2293,6185
bm25,22,8,3,2,0,1,2643,6973
bm25,23,1,0,0,0,0,651,642
bm25,23,2,3,3,1,1,1594,1580
bm25,23,3,4,4,1,1,2296,2277
bm25,23,4,5,5,1,1,2054,2973
bm25,23,5,6,5,0,1,2075,3690
bm25,23,6,3,2,0,1,2296,4387
bm25,23,7,3,3,1,1,2155,5184
bm25,24,1,0,0,0,0,609,600
bm25,24,2,7,7,1,1,1484,1470
bm25,24,3,4,4,1,1,2276,2257
bm25,24,4,7,7,1,1,2119,2970
bm25,24,5,6,5,0,1,2084,3722
bm25,24,6,12,9,0,1,2112,4463
bm25,25,1,0,0,0,0,687,678
bm25,25,2,4,4,1,1,1567,1553
bm25,25,3,7,7,1,1,2327,2308
bm25,25,4,3,3,1,1,2254,3110
bm25,25,5,3,3,1,1,2167,3825
bm25,25,6,3,2,0,1,2319,4572
bm25,25,7,4,4,1,1,2265,5385
bm25,26,1,0,0,0,0,992,983
bm25,26,2,8,8,1,1,2396,2382
bm25,26,3,6,6,1,1,3631,3612
bm25,26,4,6,5,0,1,3544,4755
bm25,26,5,6,6,1,1,3270,5793
bm25,26,6,10,7,0,1,3102,6855
bm25,26,7,10,8,0,1,3103,7894
bm25,27,1,0,0,0,0,1002,993
bm25,27,2,8,8,1,1,2449,2435
bm25,27,3,7,7,1,1,3706,3687
bm25,27,4,7,7,1,1,3496,4919
bm25,27,5,12,12,1,1,3506,6161
bm25,27,6,11,8,0,1,3702,7409
bm25,28,1,0,0,0,0,912,903
bm25,28,2,8,8,1,1,2200,2186
bm25,28,3,10,10,1,1,3381,3362
bm25,28,4,17,17,1,1,3125,4389
bm25,28,5,7,6,0,1,3097,5388
bm25,28,6,4,4,1,1,3218,6508
bm25,28,7,5,2,0,1,3154,7457
bm25,28,8,8,5,0,1,2883,8469
bm25,29,1,0,0,0,0,916,907
bm25,29,2,5,5,1,1,2265,2251
bm25,29,3,7,7,1,1,3369,3350
bm25,29,4,9,8,0,1,3399,4479
bm25,29,5,7,7,1,1,3483,5692
bm25,29,6,9,8,0,1,3237,6904
bm25,29,7,22,20,0,1,3395,8029
bm25,29,8,6,4,0,1,3307,9285
bm25,30,1,0,0,0,0,813,804
bm25,30,2,5,5,1,1,2063,2049
bm25,30,3,8,8,1,1,3228,3209
bm25,30,4,4,3,0,1,2942,4168
bm25,30,5,10,8,0,1,2752,5138
bm25,31,1,0,0,0,0,422,413
bm25,31,2,3,3,1,1,913,899
bm25,31,3,4,4,1,1,1390,1371
bm25,31,4,3,3,1,1,1318,1785
bm25,31,5,3,3,1,1,1252,2191
bm25,31,6,3,3,1,1,1391,2585
bm25,31,7,3,3,1,1,1360,3041
bm25,32,1,0,0,0,0,359,350
bm25,32,2,1,1,1,1,847,833
bm25,32,3,4,4,1,1,1221,1202
bm25,32,4,5,5,1,1,1251,1582
bm25,32,5,2,2,1,1,1351,2051
bm25,32,6,5,5,1,1,1343,2423
bm25,32,7,3,3,1,1,1410,2862
bm25,32,8,4,4,1,1,1286,3318
bm25,33,1,0,0,0,0,386,377
bm25,33,2,2,2,1,1,965,951
bm25,33,3,2,2,1,1,1361,1342
bm25,33,4,2,2,1,1,1361,1729
bm25,33,5,2,2,1,1,1420,2169
bm25,33,6,4,4,1,1,1410,2546
bm25,33,7,2,1,0,1,1424,2986
bm25,33,8,1,1,1,1,1265,3464
bm25,34,1,0,0,0,0,377,368
bm25,34,2,4,4,1,1,863,849
bm25,34,3,4,4,1,1,1265,1246
bm25,34,4,1,1,1,1,1204,1666
bm25,34,5,5,4,0,1,1222,2052
bm25,35,1,0,0,0,0,400,391
bm25,35,2,2,2,1,1,936,922
bm25,35,3,2,2,1,1,1321,1302
bm25,35,4,5,4,0,1,1207,1719
bm25,35,5,2,2,1,1,1348,2240
bm25,35,6,4,3,0,1,1308,2617
bm25,36,1,0,0,0,0,672,663
bm25,36,2,3,3,1,1,1420,1406
bm25,36,3,7,7,1,1,2271,2252
bm25,36,4,5,5,1,1,2274,3101
bm25,36,5,5,4,0,1,2172,3848
bm25,36,6,8,7,0,1,2461,4540
bm25,36,7,7,7,1,1,2460,5469
bm25,37,1,0,0,0,0,626,617
bm25,37,2,6,6,1,1,1652,1638
bm25,37,3,7,7,1,1,2379,2360
bm25,37,4,6,6,1,1,2419,3122
bm25,37,5,9,9,1,1,2394,3859
bm25,37,6,4,4,1,1,2441,4643
bm25,38,1,0,0,0,0,717,708
bm25,38,2,4,4,1,1,1797,1783
bm25,38,3,4,4,1,1,2478,2459
bm25,38,4,5,5,1,1,2537,3194
bm25,38,5,6,6,1,1,2598,3963
bm25,38,6,7,7,1,1,2677,4777
bm25,38,7,2,2,1,1,2677,5518
bm25,39,1,0,0,0,0,650,641
bm25,39,2,6,6,1,1,1548,1534
bm25,39,3,7,7,1,1,2380,2361
bm25,39,4,4,4,1,1,2311,3119
bm25,39,5,6,5,0,1,2245,3947
bm25,39,6,2,2,1,1,2429,4636
bm25,39,7,5,2,0,1,2238,5339
bm25,40,1,0,0,0,0,817,808
bm25,40,2,8,8,1,1,1883,1869
bm25,40,3,4,4,1,1,2872,2853
bm25,40,4,9,8,0,1,2872,3701
bm25,40,5,5,3,0,1,2884,4774
bm25,41,1,0,0,0,0,917,908
bm25,41,2,4,4,1,1,2308,2294
bm25,41,3,7,7,1,1,3372,3353
bm25,41,4,13,13,1,1,3088,4455
bm25,41,5,10,9,0,1,3503,5645
bm25,41,6,6,4,0,1,3134,6793
bm25,41,7,15,15,1,1,3383,7819
bm25,41,8,17,16,0,1,3344,8970
bm25,42,1,0,0,0,0,1012,1003
bm25,42,2,2,2,1,1,2565,2551
bm25,42,3,7,7,1,1,3651,3632
bm25,42,4,7,6,0,1,3458,4987
bm25,42,5,17,16,0,1,3631,6241
bm25,42,6,7,7,1,1,3590,7555
bm25,42,7,7,5,0,1,3519,8738
bm25,42,8,9,5,0,1,3588,9990
bm25,43,1,0,0,0,0,860,851
bm25,43,2,9,9,1,1,2091,2077
bm25,43,3,10,10,1,1,3202,3183
bm25,43,4,11,10,0,1,2979,4186
bm25,43,5,12,12,1,1,3005,5215
bm25,44,1,0,0,0,0,982,973
bm25,44,2,6,6,1,1,2373,2359
bm25,44,3,7,7,1,1,3514,3495
bm25,44,4,5,5,1,1,3281,4648
bm25,44,5,6,6,1,1,3154,5657
bm25,44,6,16,12,0,1,3301,6813
bm25,45,1,0,0,0,0,819,810
bm25,45,2,9,9,1,1,2002,1988
bm25,45,3,8,8,1,1,3041,3022
bm25,45,4,5,5,1,1,2948,3963
bm25,45,5,5,3,0,1,2861,4817
bm25,45,6,8,8,1,1,3161,5747
bm25,45,7,9,8,0,1,2942,6826
bm25,46,1,0,0,0,0,385,376
bm25,46,2,3,3,1,1,872,858
bm25,46,3,3,3,1,1,1284,1265
bm25,46,4,3,3,1,1,1278,1741
bm25,46,5,0,0,0,0,1399,2163
bm25,46,6,3,2,0,1,1300,2540
bm25,46,7,3,3,1,1,1454,3017
bm25,46,8,4,4,1,1,1408,3522
bm25,47,1,0,0,0,0,370,361
bm25,47,2,2,2,1,1,870,856
bm25,47,3,1,1,1,1,1330,1311
bm25,47,4,2,2,1,1,1292,1768
bm25,47,5,4,2,0,1,1244,2177
bm25,47,6,1,1,1,1,1399,2653
bm25,47,7,2,2,1,1,1400,3063
bm25,47,8,3,2,0,1,1246,3471
bm25,48,1,0,0,0,0,379,370
bm25,48,2,2,2,1,1,845,831
bm25,48,3,0,0,0,0,1249,1230
bm25,48,4,3,3,1,1,1207,1558
bm25,48,5,2,2,1,1,1234,1984
bm25,48,6,1,1,1,1,1310,2388
bm25,48,7,2,2,1,1,1266,2805
bm25,48,8,2,2,1,1,1244,3187
bm25,49,1,0,0,0,0,352,343
bm25,49,2,3,3,1,1,822,808
bm25,49,3,1,1,1,1,1247,1228
bm25,49,4,0,0,0,0,1234,1558
bm25,49,5,2,2,1,1,1112,1994
bm25,49,6,2,2,1,1,1191,2387
bm25,49,7,1,0,0,1,1319,2786
bm25,49,8,4,3,0,1,1268,3216
bm25,50,1,0,0,0,0,356,347
bm25,50,2,5,5,1,1,1023,1009
bm25,50,3,2,2,1,1,1495,1476
bm25,50,4,4,3,0,1,1495,1966
bm25,50,5,3,2,0,1,1677,2472
bm25,51,1,0,0,0,0,697,688
bm25,51,2,6,6,1,1,1613,1599
bm25,51,3,4,4,1,1,2491,2472
bm25,51,4,6,6,1,1,2366,3258
bm25,51,5,6,6,1,1,2546,4311
bm25,51,6,2,2,1,1,2676,5227
bm25,51,7,5,4,0,1,2404,6013
bm25,52,1,0,0,0,0,663,654
bm25,52,2,5,5,1,1,1584,1570
bm25,52,3,7,7,1,1,2356,2337
bm25,52,4,8,7,0,1,2198,3095
bm25,52,5,9,7,0,1,2338,3844
bm25,52,6,6,6,1,1,2371,4626
bm25,52,7,4,4,1,1,2499,5441
bm25,53,1,0,0,0,0,690,681
bm25,53,2,2,2,1,1,1724,1710
bm25,53,3,5,5,1,1,2561,2542
bm25,53,4,5,5,1,1,2434,3444
bm25,53,5,7,6,0,1,2316,4228
bm25,53,6,4,3,0,1,2556,5055
bm25,54,1,0,0,0,0,647,638
bm25,54,2,5,5,1,1,1580,1566
bm25,54,3,3,3,1,1,2339,2320
bm25,54,4,8,8,1,1,2179,3088
bm25,54,5,5,5,1,1,2529,3916
bm25,55,1,0,0,0,0,629,620
bm25,55,2,4,4,1,1,1451,1437
bm25,55,3,3,3,1,1,2214,2195
bm25,55,4,2,2,1,1,2203,3001
bm25,55,5,7,7,1,1,2117,3673
bm25,56,1,0,0,0,0,949,940
bm25,56,2,7,7,1,1,2329,2315
bm25,56,3,4,4,1,1,3604,3585
bm25,56,4,6,6,1,1,3397,4753
bm25,56,5,6,6,1,1,3480,5899
bm25,57,1,0,0,0,0,998,989
bm25,57,2,3,3,1,1,2450,2436
bm25,57,3,7,7,1,1,3550,3531
bm25,57,4,2,2,1,1,3678,4754
bm25,57,5,8,8,1,1,3326,5947
bm25,57,6,5,1,0,1,3296,7355
bm25,57,7,7,6,0,1,3654,8593
bm25,58,1,0,0,0,0,882,873
bm25,58,2,4,4,1,1,2425,2411
bm25,58,3,6,6,1,1,3508,3489
bm25,58,4,9,9,1,1,3112,4631
bm25,58,5,9,8,0,1,3204,5801
bm25,59,1,0,0,0,0,874,865
bm25,59,2,10,10,1,1,2131,2117
bm25,59,3,6,6,1,1,3374,3355
bm25,59,4,7,6,0,1,3314,4547
bm25,59,5,4,4,1,1,3227,5698
bm25,59,6,4,3,0,1,3149,6711
bm25,59,7,8,4,0,1,3081,7895
bm25,60,1,0,0,0,0,886,877
bm25,60,2,10,10,1,1,2386,2372
bm25,60,3,4,4,1,1,3579,3560
bm25,60,4,6,6,1,1,3091,4567
bm25,60,5,6,6,1,1,3545,5721
bm25,60,6,5,4,0,1,3139,6810
bm25,60,7,9,7,0,1,3717,7924
causal-noG,1,1,0,0,0,0,350,376
causal-noG,1,2,1,1,1,1,702,846
causal-noG,1,3,1,1,1,1,1048,1186
causal-noG,1,4,4,4,1,1,1388,1640
causal-noG,1,5,3,3,1,1,1728,2034
causal-noG,1,6,4,4,1,1,2070,2472
causal-noG,1,7,2,2,1,1,2422,2921
causal-noG,1,8,5,5,1,1,2759,3323
causal-noG,2,1,0,0,0,0,310,361
causal-noG,2,2,3,3,1,1,604,805
causal-noG,2,3,1,1,1,1,907,1268
causal-noG,2,4,2,2,1,1,1208,1624
causal-noG,2,5,3,3,1,1,1504,1976
causal-noG,2,6,0,0,0,0,1798,2359
causal-noG,2,7,3,3,1,1,2104,2690
causal-noG,3,1,0,0,0,0,369,371
causal-noG,3,2,1,1,1,1,727,888
causal-noG,3,3,3,3,1,1,1089,1226
causal-noG,3,4,3,3,1,1,1446,1637
causal-noG,3,5,4,4,1,1,1810,2105
causal-noG,3,6,5,5,1,1,2179,2544
causal-noG,3,7,2,2,1,1,2528,3097
causal-noG,3,8,0,0,0,0,2894,3504
causal-noG,4,1,0,0,0,0,308,342
causal-noG,4,2,2,2,1,1,613,804
causal-noG,4,3,1,1,1,1,917,1165
causal-noG,4,4,4,4,1,1,1220,1505
causal-noG,4,5,2,2,1,1,1525,1866
causal-noG,4,6,4,4,1,1,1834,2262
causal-noG,4,7,3,3,1,1,2138,2742
causal-noG,4,8,2,2,1,1,2440,3125
causal-noG,5,1,0,0,0,0,345,349
causal-noG,5,2,5,5,1,1,687,840
causal-noG,5,3,2,2,1,1,1032,1323
causal-noG,5,4,3,3,1,1,1373,1660
causal-noG,5,5,5,5,1,1,1726,2137
causal-noG,5,6,3,3,1,1,2067,2527
causal-noG,6,1,0,0,0,0,720,688
causal-noG,6,2,3,3,1,1,1455,1776
causal-noG,6,3,7,7,1,1,2169,2511
causal-noG,6,4,6,6,1,1,2884,3429
causal-noG,6,5,4,4,1,1,3595,4431
causal-noG,6,6,7,7,1,1,4314,5176
causal-noG,7,1,0,0,0,0,628,654
causal-noG,7,2,2,2,1,1,1252,1522
causal-noG,7,3,7,7,1,1,1878,2241
causal-noG,7,4,6,6,1,1,2496,3101
causal-noG,7,5,4,4,1,1,3131,3975
causal-noG,7,6,6,6,1,1,3753,4663
causal-noG,8,1,0,0,0,0,674,682
causal-noG,8,2,5,5,1,1,1346,1574
causal-noG,8,3,7,7,1,1,2017,2447
causal-noG,8,4,6,6,1,1,2696,3385
causal-noG,8,5,6,6,1,1,3363,4223
causal-noG,9,1,0,0,0,0,633,637
causal-noG,9,2,3,3,1,1,1258,1536
causal-noG,9,3,9,9,1,1,1885,2348
causal-noG,9,4,6,6,1,1,2519,3210
causal-noG,9,5,5,5,1,1,3155,4043
causal-noG,10,1,0,0,0,0,614,621
causal-noG,10,2,7,7,1,1,1239,1554
causal-noG,10,3,5,5,1,1,1853,2272
causal-noG,10,4,6,6,1,1,2468,2968
causal-noG,10,5,9,9,1,1,3089,3724
causal-noG,10,6,4,4,1,1,3712,4541
causal-noG,11,1,0,0,0,0,1006,940
causal-noG,11,2,6,6,1,1,2037,2419
causal-noG,11,3,6,6,1,1,3048,3458
causal-noG,11,4,11,11,1,1,4066,4537
causal-noG,11,5,8,8,1,1,5072,5624
causal-noG,11,6,4,4,1,1,6073,6867
causal-noG,11,7,8,8,1,1,7079,7926
causal-noG,11,8,10,10,1,1,8089,9061
causal-noG,12,1,0,0,0,0,1028,989
causal-noG,12,2,5,5,1,1,2078,2358
causal-noG,12,3,11,11,1,1,3111,3545
causal-noG,12,4,6,6,1,1,4122,4795
causal-noG,12,5,7,7,1,1,5162,5927
causal-noG,12,6,4,4,1,1,6174,7161
causal-noG,12,7,4,4,1,1,7189,8282
causal-noG,12,8,11,11,1,1,8197,9361
causal-noG,13,1,0,0,0,0,959,873
causal-noG,13,2,8,8,1,1,1893,2183
causal-noG,13,3,8,8,1,1,2849,3289
causal-noG,13,4,6,6,1,1,3793,4342
causal-noG,13,5,6,6,1,1,4742,5366
causal-noG,13,6,8,8,1,1,5674,6415
causal-noG,14,1,0,0,0,0,898,864
causal-noG,14,2,5,5,1,1,1808,2247
causal-noG,14,3,8,8,1,1,2712,3291
causal-noG,14,4,7,7,1,1,3614,4339
causal-noG,14,5,7,7,1,1,4514,5361
causal-noG,14,6,3,3,1,1,5412,6403
causal-noG,14,7,3,3,1,1,6319,7459
causal-noG,15,1,0,0,0,0,916,876
causal-noG,15,2,7,7,1,1,1818,2270
causal-noG,15,3,6,6,1,1,2722,3337
causal-noG,15,4,10,10,1,1,3642,4440
causal-noG,15,5,8,8,1,1,4550,5558
causal-noG,15,6,7,7,1,1,5465,6641
causal-noG,15,7,8,8,1,1,6378,7705
causal-noG,15,8,8,8,1,1,7292,8883
causal-noG,16,1,0,0,0,0,261,337
causal-noG,16,2,1,1,1,1,522,764
causal-noG,16,3,5,5,1,1,778,1059
causal-noG,16,4,4,4,1,1,1040,1500
causal-noG,16,5,5,5,1,1,1302,1840
causal-noG,16,6,2,2,1,1,1563,2209
causal-noG,16,7,2,2,1,1,1819,2518
causal-noG,17,1,0,0,0,0,330,362
causal-noG,17,2,5,5,1,1,655,935
causal-noG,17,3,1,1,1,1,981,1459
causal-noG,17,4,3,3,1,1,1305,1804
causal-noG,17,5,3,3,1,1,1628,2238
causal-noG,18,1,0,0,0,0,321,367
causal-noG,18,2,1,1,1,1,627,793
causal-noG,18,3,3,3,1,1,943,1139
causal-noG,18,4,3,3,1,1,1257,1587
causal-noG,18,5,2,2,1,1,1564,1989
causal-noG,18,6,3,3,1,1,1873,2316
causal-noG,18,7,4,4,1,1,2188,2747
causal-noG,18,8,3,3,1,1,2498,3119
causal-noG,19,1,0,0,0,0,273,338
causal-noG,19,2,3,3,1,1,542,813
causal-noG,19,3,3,3,1,1,801,1183
causal-noG,19,4,3,3,1,1,1060,1551
causal-noG,19,5,4,4,1,1,1331,1978
causal-noG,19,6,5,5,1,1,1601,2407
causal-noG,20,1,0,0,0,0,258,327
causal-noG,20,2,1,1,1,1,512,754
causal-noG,20,3,2,2,1,1,766,1034
causal-noG,20,4,0,0,0,0,1023,1382
causal-noG,20,5,4,4,1,1,1277,1653
causal-noG,20,6,2,2,1,1,1533,2014
causal-noG,20,7,1,1,1,1,1790,2377
causal-noG,21,1,0,0,0,0,697,666
causal-noG,21,2,3,3,1,1,1385,1633
causal-noG,21,3,5,5,1,1,2092,2496
causal-noG,21,4,6,6,1,1,2768,3245
causal-noG,21,5,4,4,1,1,3466,4026
causal-noG,21,6,4,4,1,1,4159,4782
causal-noG,22,1,0,0,0,0,715,709
causal-noG,22,2,7,7,1,1,1441,1805
causal-noG,22,3,5,5,1,1,2177,2761
causal-noG,22,4,6,6,1,1,2893,3740
causal-noG,22,5,2,2,1,1,3619,4620
causal-noG,22,6,5,5,1,1,4330,5397
causal-noG,22,7,4,4,1,1,5035,6185
causal-noG,22,8,3,3,1,1,5746,6973
causal-noG,23,1,0,0,0,0,636,642
causal-noG,23,2,3,3,1,1,1269,1580
causal-noG,23,3,4,4,1,1,1895,2277
causal-noG,23,4,5,5,1,1,2526,2973
causal-noG,23,5,6,6,1,1,3149,3690
causal-noG,23,6,3,3,1,1,3773,4387
causal-noG,23,7,3,3,1,1,4416,5184
causal-noG,24,1,0,0,0,0,582,600
causal-noG,24,2,7,7,1,1,1165,1470
causal-noG,24,3,4,4,1,1,1759,2257
causal-noG,24,4,7,7,1,1,2324,2970
causal-noG,24,5,6,6,1,1,2902,3722
causal-noG,24,6,12,12,1,1,3480,4463
causal-noG,25,1,0,0,0,0,651,678
causal-noG,25,2,4,4,1,1,1301,1553
causal-noG,25,3,7,7,1,1,1944,2308
causal-noG,25,4,3,3,1,1,2598,3110
causal-noG,25,5,3,3,1,1,3244,3825
causal-noG,25,6,3,3,1,1,3893,4572
causal-noG,25,7,4,4,1,1,4532,5385
causal-noG,26,1,0,0,0,0,996,983
causal-noG,26,2,8,8,1,1,1995,2382
causal-noG,26,3,6,6,1,1,2978,3612
causal-noG,26,4,6,6,1,1,3979,4755
causal-noG,26,5,6,6,1,1,4966,5793
causal-noG,26,6,10,10,1,1,5957,6855
causal-noG,26,7,10,10,1,1,6948,7894
causal-noG,27,1,0,0,0,0,1060,993
causal-noG,27,2,8,8,1,1,2103,2435
causal-noG,27,3,7,7,1,1,3152,3687
causal-noG,27,4,7,7,1,1,4187,4919
causal-noG,27,5,12,12,1,1,5255,6161
causal-noG,27,6,11,11,1,1,6326,7409
causal-noG,28,1,0,0,0,0,900,903
causal-noG,28,2,8,8,1,1,1782,2186
causal-noG,28,3,10,10,1,1,2673,3362
causal-noG,28,4,17,17,1,1,3565,4389
causal-noG,28,5,7,7,1,1,4461,5388
causal-noG,28,6,4,4,1,1,5349,6508
causal-noG,28,7,5,5,1,1,6236,7457
causal-noG,28,8,8,8,1,1,7128,8469
causal-noG,29,1,0,0,0,0,970,907
causal-noG,29,2,5,5,1,1,1945,2251
causal-noG,29,3,7,7,1,1,2925,3350
causal-noG,29,4,9,9,1,1,3901,4479
causal-noG,29,5,7,7,1,1,4870,5692
causal-noG,29,6,9,9,1,1,5851,6904
causal-noG,29,7,22,22,1,1,6810,8029
causal-noG,29,8,6,6,1,1,7789,9285
causal-noG,30,1,0,0,0,0,831,804
causal-noG,30,2,5,5,1,1,1677,2049
causal-noG,30,3,8,8,1,1,2511,3209
causal-noG,30,4,4,4,1,1,3355,4168
causal-noG,30,5,10,10,1,1,4183,5138
causal-noG,31,1,0,0,0,0,356,413
causal-noG,31,2,3,3,1,1,701,899
causal-noG,31,3,4,4,1,1,1038,1371
causal-noG,31,4,3,3,1,1,1381,1785
causal-noG,31,5,3,3,1,1,1731,2191
causal-noG,31,6,3,3,1,1,2083,2585
causal-noG,31,7,3,3,1,1,2424,3041
causal-noG,32,1,0,0,0,0,297,350
causal-noG,32,2,1,1,1,1,586,833
causal-noG,32,3,4,4,1,1,880,1202
causal-noG,32,4,5,5,1,1,1172,1582
causal-noG,32,5,2,2,1,1,1475,2051
causal-noG,32,6,5,5,1,1,1779,2423
causal-noG,32,7,3,3,1,1,2081,2862
causal-noG,32,8,4,4,1,1,2377,3318
causal-noG,33,1,0,0,0,0,346,377
causal-noG,33,2,2,2,1,1,680,951
causal-noG,33,3,2,2,1,1,1022,1342
causal-noG,33,4,2,2,1,1,1363,1729
causal-noG,33,5,2,2,1,1,1706,2169
causal-noG,33,6,4,4,1,1,2046,2546
causal-noG,33,7,2,2,1,1,2379,2986
causal-noG,33,8,1,1,1,1,2718,3464
causal-noG,34,1,0,0,0,0,269,368
causal-noG,34,2,4,4,1,1,537,849
causal-noG,34,3,4,4,1,1,800,1246
causal-noG,34,4,1,1,1,1,1064,1666
causal-noG,34,5,5,5,1,1,1325,2052
causal-noG,35,1,0,0,0,0,326,391
causal-noG,35,2,2,2,1,1,651,922
causal-noG,35,3,2,2,1,1,977,1302
causal-noG,35,4,5,5,1,1,1294,1719
causal-noG,35,5,2,2,1,1,1618,2240
causal-noG,35,6,4,4,1,1,1946,2617
causal-noG,36,1,0,0,0,0,631,663
causal-noG,36,2,3,3,1,1,1259,1406
causal-noG,36,3,7,7,1,1,1881,2252
causal-noG,36,4,5,5,1,1,2509,3101
causal-noG,36,5,5,5,1,1,3134,3848
causal-noG,36,6,8,8,1,1,3760,4540
causal-noG,36,7,7,7,1,1,4388,5469
causal-noG,37,1,0,0,0,0,590,617
causal-noG,37,2,6,6,1,1,1185,1638
causal-noG,37,3,7,7,1,1,1783,2360
causal-noG,37,4,6,6,1,1,2387,3122
causal-noG,37,5,9,9,1,1,2985,3859
causal-noG,37,6,4,4,1,1,3569,4643
causal-noG,38,1,0,0,0,0,663,708
causal-noG,38,2,4,4,1,1,1326,1783
causal-noG,38,3,4,4,1,1,1985,2459
causal-noG,38,4,5,5,1,1,2636,3194
causal-noG,38,5,6,6,1,1,3283,3963
causal-noG,38,6,7,7,1,1,3941,4777
causal-noG,38,7,2,2,1,1,4595,5518
causal-noG,39,1,0,0,0,0,595,641
causal-noG,39,2,6,6,1,1,1205,1534
causal-noG,39,3,7,7,1,1,1805,2361
causal-noG,39,4,4,4,1,1,2414,3119
causal-noG,39,5,6,6,1,1,3019,3947
causal-noG,39,6,2,2,1,1,3614,4636
causal-noG,39,7,5,5,1,1,4214,5339
causal-noG,40,1,0,0,0,0,789,808
causal-noG,40,2,8,8,1,1,1568,1869
causal-noG,40,3,4,4,1,1,2336,2853
causal-noG,40,4,9,9,1,1,3112,3701
causal-noG,40,5,5,5,1,1,3869,4774
causal-noG,41,1,0,0,0,0,913,908
causal-noG,41,2,4,4,1,1,1836,2294
causal-noG,41,3,7,7,1,1,2744,3353
causal-noG,41,4,13,13,1,1,3659,4455
causal-noG,41,5,10,10,1,1,4576,5645
causal-noG,41,6,6,6,1,1,5495,6793
causal-noG,41,7,15,15,1,1,6418,7819
causal-noG,41,8,17,17,1,1,7328,8970
causal-noG,42,1,0,0,0,0,1024,1003
causal-noG,42,2,2,2,1,1,2037,2551
causal-noG,42,3,7,7,1,1,3062,3632
causal-noG,42,4,7,7,1,1,4083,4987
causal-noG,42,5,17,17,1,1,5102,6241
causal-noG,42,6,7,7,1,1,6119,7555
causal-noG,42,7,7,7,1,1,7147,8738
causal-noG,42,8,9,9,1,1,8170,9990
causal-noG,43,1,0,0,0,0,854,851
causal-noG,43,2,9,9,1,1,1717,2077
causal-noG,43,3,10,10,1,1,2572,3183
causal-noG,43,4,11,11,1,1,3427,4186
causal-noG,43,5,12,12,1,1,4280,5215
causal-noG,44,1,0,0,0,0,959,973
causal-noG,44,2,6,6,1,1,1918,2359
causal-noG,44,3,7,7,1,1,2888,3495
causal-noG,44,4,5,5,1,1,3846,4648
causal-noG,44,5,6,6,1,1,4808,5657
causal-noG,44,6,16,16,1,1,5762,6813
causal-noG,45,1,0,0,0,0,821,810
causal-noG,45,2,9,9,1,1,1650,1988
causal-noG,45,3,8,8,1,1,2474,3022
causal-noG,45,4,5,5,1,1,3288,3963
causal-noG,45,5,5,5,1,1,4102,4817
causal-noG,45,6,8,8,1,1,4926,5747
causal-noG,45,7,9,9,1,1,5734,6826
causal-noG,46,1,0,0,0,0,350,376
causal-noG,46,2,3,3,1,1,693,858
causal-noG,46,3,3,3,1,1,1031,1265
causal-noG,46,4,3,3,1,1,1372,1741
causal-noG,46,5,0,0,0,0,1708,2163
causal-noG,46,6,3,3,1,1,2060,2540
causal-noG,46,7,3,3,1,1,2402,3017
causal-noG,46,8,4,4,1,1,2742,3522
causal-noG,47,1,0,0,0,0,310,361
causal-noG,47,2,2,2,1,1,612,856
causal-noG,47,3,1,1,1,1,912,1311
causal-noG,47,4,2,2,1,1,1209,1768
causal-noG,47,5,4,4,1,1,1511,2177
causal-noG,47,6,1,1,1,1,1804,2653
causal-noG,47,7,2,2,1,1,2107,3063
causal-noG,47,8,3,3,1,1,2418,3471
causal-noG,48,1,0,0,0,0,369,370
causal-noG,48,2,2,2,1,1,730,831
causal-noG,48,3,0,0,0,0,1091,1230
causal-noG,48,4,3,3,1,1,1456,1558
causal-noG,48,5,2,2,1,1,1807,1984
causal-noG,48,6,1,1,1,1,2163,2388
causal-noG,48,7,2,2,1,1,2522,2805
causal-noG,48,8,2,2,1,1,2873,3187
causal-noG,49,1,0,0,0,0,308,343
causal-noG,49,2,3,3,1,1,614,808
causal-noG,49,3,1,1,1,1,922,1228
causal-noG,49,4,0,0,0,0,1224,1558
causal-noG,49,5,2,2,1,1,1533,1994
causal-noG,49,6,2,2,1,1,1831,2387
causal-noG,49,7,1,1,1,1,2129,2786
causal-noG,49,8,4,4,1,1,2436,3216
causal-noG,50,1,0,0,0,0,344,347
causal-noG,50,2,5,5,1,1,677,1009
causal-noG,50,3,2,2,1,1,1011,1476
causal-noG,50,4,4,4,1,1,1363,1966
causal-noG,50,5,3,3,1,1,1693,2472
causal-noG,51,1,0,0,0,0,720,688
causal-noG,51,2,6,6,1,1,1438,1599
causal-noG,51,3,4,4,1,1,2158,2472
causal-noG,51,4,6,6,1,1,2878,3258
causal-noG,51,5,6,6,1,1,3603,4311
causal-noG,51,6,2,2,1,1,4325,5227
causal-noG,51,7,5,5,1,1,5038,6013
causal-noG,52,1,0,0,0,0,628,654
causal-noG,52,2,5,5,1,1,1251,1570
causal-noG,52,3,7,7,1,1,1881,2337
causal-noG,52,4,8,8,1,1,2509,3095
causal-noG,52,5,9,9,1,1,3133,3844
causal-noG,52,6,6,6,1,1,3756,4626
causal-noG,52,7,4,4,1,1,4378,5441
causal-noG,53,1,0,0,0,0,674,681
causal-noG,53,2,2,2,1,1,1351,1710
causal-noG,53,3,5,5,1,1,2032,2542
causal-noG,53,4,5,5,1,1,2699,3444
causal-noG,53,5,7,7,1,1,3361,4228
causal-noG,53,6,4,4,1,1,4029,5055
causal-noG,54,1,0,0,0,0,633,638
causal-noG,54,2,5,5,1,1,1282,1566
causal-noG,54,3,3,3,1,1,1924,2320
causal-noG,54,4,8,8,1,1,2568,3088
causal-noG,54,5,5,5,1,1,3205,3916
causal-noG,55,1,0,0,0,0,614,620
causal-noG,55,2,4,4,1,1,1225,1437
causal-noG,55,3,3,3,1,1,1851,2195
causal-noG,55,4,2,2,1,1,2482,3001
causal-noG,55,5,7,7,1,1,3095,3673
causal-noG,56,1,0,0,0,0,1006,940
causal-noG,56,2,7,7,1,1,2021,2315
causal-noG,56,3,4,4,1,1,3058,3585
causal-noG,56,4,6,6,1,1,4058,4753
causal-noG,56,5,6,6,1,1,5075,5899
causal-noG,57,1,0,0,0,0,1028,989
causal-noG,57,2,3,3,1,1,2043,2436
causal-noG,57,3,7,7,1,1,3075,3531
causal-noG,57,4,2,2,1,1,4100,4754
causal-noG,57,5,8,8,1,1,5132,5947
causal-noG,57,6,5,5,1,1,6161,7355
causal-noG,57,7,7,7,1,1,7181,8593
causal-noG,58,1,0,0,0,0,959,873
causal-noG,58,2,4,4,1,1,1914,2411
causal-noG,58,3,6,6,1,1,2865,3489
causal-noG,58,4,9,9,1,1,3817,4631
causal-noG,58,5,9,9,1,1,4774,5801
causal-noG,59,1,0,0,0,0,898,865
causal-noG,59,2,10,10,1,1,1807,2117
causal-noG,59,3,6,6,1,1,2707,3355
causal-noG,59,4,7,7,1,1,3618,4547
causal-noG,59,5,4,4,1,1,4520,5698
causal-noG,59,6,4,4,1,1,5417,6711
causal-noG,59,7,8,8,1,1,6335,7895
causal-noG,60,1,0,0,0,0,916,877
causal-noG,60,2,10,10,1,1,1831,2372
causal-noG,60,3,4,4,1,1,2742,3560
causal-noG,60,4,6,6,1,1,3658,4567
causal-noG,60,5,6,6,1,1,4558,5721
causal-noG,60,6,5,5,1,1,5482,6810
causal-noG,60,7,9,9,1,1,6397,7924
causal,1,1,0,0,0,0,101,376
causal,1,2,1,1,1,1,70,846
causal,1,3,1,1,1,1,409,1186
causal,1,4,4,4,1,1,374,1640
causal,1,5,3,3,1,1,667,2034
causal,1,6,4,4,1,1,615,2472
causal,1,7,2,2,1,1,407,2921
causal,1,8,5,4,0,1,740,3323
causal,2,1,0,0,0,0,112,361
causal,2,2,3,3,1,1,208,805
causal,2,3,1,1,1,1,175,1268
causal,2,4,2,2,1,1,360,1624
causal,2,5,3,3,1,1,605,1976
causal,2,6,0,0,0,0,1798,2359
causal,2,7,3,3,1,1,718,2690
causal,3,1,0,0,0,0,106,371
causal,3,2,1,1,1,1,51,888
causal,3,3,3,3,1,1,303,1226
causal,3,4,3,3,1,1,730,1637
causal,3,5,4,4,1,1,915,2105
causal,3,6,5,5,1,1,1105,2544
causal,3,7,2,2,1,1,598,3097
causal,3,8,0,0,0,0,736,3504
causal,4,1,0,0,0,0,130,342
causal,4,2,2,2,1,1,152,804
causal,4,3,1,1,1,1,163,1165
causal,4,4,4,4,1,1,321,1505
causal,4,5,2,2,1,1,413,1866
causal,4,6,4,4,1,1,766,2262
causal,4,7,3,3,1,1,669,2742
causal,4,8,2,2,1,1,536,3125
causal,5,1,0,0,0,0,172,349
causal,5,2,5,5,1,1,341,840
causal,5,3,2,2,1,1,173,1323
causal,5,4,3,3,1,1,568,1660
causal,5,5,5,5,1,1,619,2137
causal,5,6,3,3,1,1,764,2527
causal,6,1,0,0,0,0,355,688
causal,6,2,3,3,1,1,572,1776
causal,6,3,7,7,1,1,1074,2511
causal,6,4,6,6,1,1,1424,3429
causal,6,5,4,4,1,1,1554,4431
causal,6,6,7,7,1,1,2124,5176
causal,7,1,0,0,0,0,269,654
causal,7,2,2,2,1,1,395,1522
causal,7,3,7,7,1,1,969,2241
causal,7,4,6,6,1,1,1284,3101
causal,7,5,4,4,1,1,1023,3975
causal,7,6,6,6,1,1,1935,4663
causal,8,1,0,0,0,0,276,682
causal,8,2,5,5,1,1,636,1574
causal,8,3,7,7,1,1,1018,2447
causal,8,4,6,6,1,1,1364,3385
causal,8,5,6,6,1,1,1587,4223
causal,9,1,0,0,0,0,322,637
causal,9,2,3,3,1,1,636,1536
causal,9,3,9,9,1,1,952,2348
causal,9,4,6,6,1,1,1275,3210
causal,9,5,5,5,1,1,1373,4043
causal,10,1,0,0,0,0,288,621
causal,10,2,7,6,0,1,426,1554
causal,10,3,5,5,1,1,641,2272
causal,10,4,6,6,1,1,1164,2968
causal,10,5,9,9,1,1,1234,3724
causal,10,6,4,4,1,1,1317,4541
causal,11,1,0,0,0,0,527,940
causal,11,2,6,6,1,1,900,2419
causal,11,3,6,6,1,1,1234,3458
causal,11,4,11,11,1,1,1916,4537
causal,11,5,8,8,1,1,2677,5624
causal,11,6,4,4,1,1,2347,6867
causal,11,7,8,8,1,1,3726,7926
causal,11,8,10,10,1,1,4257,9061
causal,12,1,0,0,0,0,434,989
causal,12,2,5,5,1,1,827,2358
causal,12,3,11,11,1,1,1017,3545
causal,12,4,6,6,1,1,1746,4795
causal,12,5,7,7,1,1,2297,5927
causal,12,6,4,4,1,1,1906,7161
causal,12,7,4,4,1,1,2120,8282
causal,12,8,11,11,1,1,3445,9361
causal,13,1,0,0,0,0,516,873
causal,13,2,8,8,1,1,1007,2183
causal,13,3,8,8,1,1,1520,3289
causal,13,4,6,6,1,1,1526,4342
causal,13,5,6,6,1,1,2527,5366
causal,13,6,8,8,1,1,3016,6415
causal,14,1,0,0,0,0,453,864
causal,14,2,5,5,1,1,694,2247
causal,14,3,8,8,1,1,1040,3291
causal,14,4,7,7,1,1,1753,4339
causal,14,5,7,7,1,1,2158,5361
causal,14,6,3,3,1,1,2113,6403
causal,14,7,3,3,1,1,2355,7459
causal,15,1,0,0,0,0,478,876
causal,15,2,7,7,1,1,736,2270
causal,15,3,6,6,1,1,1090,3337
causal,15,4,10,10,1,1,1803,4440
causal,15,5,8,8,1,1,2014,5558
causal,15,6,7,7,1,1,1915,6641
causal,15,7,8,8,1,1,3312,7705
causal,15,8,8,8,1,1,3056,8883
causal,16,1,0,0,0,0,106,337
causal,16,2,1,1,1,1,117,764
causal,16,3,5,5,1,1,313,1059
causal,16,4,4,4,1,1,347,1500
causal,16,5,5,5,1,1,452,1840
causal,16,6,2,2,1,1,339,2209
causal,16,7,2,2,1,1,511,2518
causal,17,1,0,0,0,0,129,362
causal,17,2,5,5,1,1,305,935
causal,17,3,1,1,1,1,161,1459
causal,17,4,3,3,1,1,349,1804
causal,17,5,3,3,1,1,753,2238
causal,18,1,0,0,0,0,128,367
causal,18,2,1,0,0,1,52,793
causal,18,3,3,3,1,1,299,1139
causal,18,4,3,3,1,1,340,1587
causal,18,5,2,2,1,1,244,1989
causal,18,6,3,3,1,1,671,2316
causal,18,7,4,4,1,1,664,2747
causal,18,8,3,2,0,1,563,3119
causal,19,1,0,0,0,0,127,338
causal,19,2,3,3,1,1,195,813
causal,19,3,3,3,1,1,239,1183
causal,19,4,3,3,1,1,417,1551
causal,19,5,4,4,1,1,666,1978
causal,19,6,5,5,1,1,727,2407
causal,20,1,0,0,0,0,74,327
causal,20,2,1,1,1,1,56,754
causal,20,3,2,2,1,1,174,1034
causal,20,4,0,0,0,0,1023,1382
causal,20,5,4,3,0,1,437,1653
causal,20,6,2,2,1,1,542,2014
causal,20,7,1,1,1,1,496,2377
causal,21,1,0,0,0,0,279,666
causal,21,2,3,3,1,1,482,1633
causal,21,3,5,5,1,1,1126,2496
causal,21,4,6,6,1,1,1236,3245
causal,21,5,4,3,0,1,1374,4026
causal,21,6,4,4,1,1,1801,4782
causal,22,1,0,0,0,0,340,709
causal,22,2,7,7,1,1,648,1805
causal,22,3,5,5,1,1,1052,2761
causal,22,4,6,6,1,1,984,3740
causal,22,5,2,2,1,1,1364,4620
causal,22,6,5,5,1,1,1462,5397
causal,22,7,4,4,1,1,1846,6185
causal,22,8,3,3,1,1,2141,6973
causal,23,1,0,0,0,0,311,642
causal,23,2,3,3,1,1,471,1580
causal,23,3,4,4,1,1,856,2277
causal,23,4,5,5,1,1,753,2973
causal,23,5,6,5,0,1,1024,3690
causal,23,6,3,3,1,1,1823,4387
causal,23,7,3,3,1,1,1199,5184
causal,24,1,0,0,0,0,251,600
causal,24,2,7,7,1,1,655,1470
causal,24,3,4,4,1,1,693,2257
causal,24,4,7,7,1,1,1150,2970
causal,24,5,6,6,1,1,1627,3722
causal,24,6,12,12,1,1,1950,4463
causal,25,1,0,0,0,0,311,678
causal,25,2,4,4,1,1,347,1553
causal,25,3,7,7,1,1,569,2308
causal,25,4,3,3,1,1,761,3110
causal,25,5,3,3,1,1,1146,3825
causal,25,6,3,3,1,1,1718,4572
causal,25,7,4,4,1,1,1995,5385
causal,26,1,0,0,0,0,472,983
causal,26,2,8,8,1,1,852,2382
causal,26,3,6,6,1,1,835,3612
causal,26,4,6,6,1,1,1534,4755
causal,26,5,6,6,1,1,2346,5793
causal,26,6,10,10,1,1,2063,6855
causal,26,7,10,10,1,1,2858,7894
causal,27,1,0,0,0,0,518,993
causal,27,2,8,8,1,1,855,2435
causal,27,3,7,7,1,1,1652,3687
causal,27,4,7,7,1,1,2187,4919
causal,27,5,12,12,1,1,2313,6161
causal,27,6,11,11,1,1,3326,7409
causal,28,1,0,0,0,0,382,903
causal,28,2,8,8,1,1,882,2186
causal,28,3,10,10,1,1,1323,3362
causal,28,4,17,13,0,1,1166,4389
causal,28,5,7,7,1,1,2211,5388
causal,28,6,4,4,1,1,1509,6508
causal,28,7,5,5,1,1,3086,7457
causal,28,8,8,8,1,1,3528,8469
causal,29,1,0,0,0,0,537,907
causal,29,2,5,5,1,1,800,2251
causal,29,3,7,7,1,1,1626,3350
causal,29,4,9,9,1,1,2169,4479
causal,29,5,7,7,1,1,2463,5692
causal,29,6,9,9,1,1,3253,6904
causal,29,7,22,22,1,1,3779,8029
causal,29,8,6,6,1,1,3484,9285
causal,30,1,0,0,0,0,320,804
causal,30,2,5,5,1,1,867,2049
causal,30,3,8,8,1,1,1086,3209
causal,30,4,4,4,1,1,1423,4168
causal,30,5,10,10,1,1,2158,5138
causal,31,1,0,0,0,0,144,413
causal,31,2,3,3,1,1,278,899
causal,31,3,4,4,1,1,363,1371
causal,31,4,3,3,1,1,533,1785
causal,31,5,3,3,1,1,671,2191
causal,31,6,3,3,1,1,724,2585
causal,31,7,3,3,1,1,942,3041
causal,32,1,0,0,0,0,125,350
causal,32,2,1,1,1,1,174,833
causal,32,3,4,4,1,1,328,1202
causal,32,4,5,5,1,1,596,1582
causal,32,5,2,2,1,1,457,2051
causal,32,6,5,5,1,1,740,2423
causal,32,7,3,3,1,1,876,2862
causal,32,8,4,4,1,1,1225,3318
causal,33,1,0,0,0,0,172,377
causal,33,2,2,2,1,1,210,951
causal,33,3,2,2,1,1,323,1342
causal,33,4,2,2,1,1,502,1729
causal,33,5,2,2,1,1,506,2169
causal,33,6,4,4,1,1,1002,2546
causal,33,7,2,2,1,1,987,2986
causal,33,8,1,1,1,1,243,3464
causal,34,1,0,0,0,0,107,368
causal,34,2,4,4,1,1,213,849
causal,34,3,4,4,1,1,335,1246
causal,34,4,1,1,1,1,444,1666
causal,34,5,5,5,1,1,615,2052
causal,35,1,0,0,0,0,105,391
causal,35,2,2,2,1,1,204,922
causal,35,3,2,2,1,1,309,1302
causal,35,4,5,5,1,1,514,1719
causal,35,5,2,2,1,1,373,2240
causal,35,6,4,4,1,1,615,2617
causal,36,1,0,0,0,0,115,663
causal,36,2,3,3,1,1,616,1406
causal,36,3,7,7,1,1,918,2252
causal,36,4,5,5,1,1,1309,3101
causal,36,5,5,5,1,1,1396,3848
causal,36,6,8,8,1,1,1960,4540
causal,36,7,7,7,1,1,2288,5469
causal,37,1,0,0,0,0,304,617
causal,37,2,6,6,1,1,613,1638
causal,37,3,7,7,1,1,925,2360
causal,37,4,6,6,1,1,1069,3122
causal,37,5,9,9,1,1,1440,3859
causal,37,6,4,4,1,1,1461,4643
causal,38,1,0,0,0,0,349,708
causal,38,2,4,4,1,1,433,1783
causal,38,3,4,4,1,1,805,2459
causal,38,4,5,5,1,1,1380,3194
causal,38,5,6,6,1,1,1713,3963
causal,38,6,7,6,0,1,1551,4777
causal,38,7,2,2,1,1,1634,5518
causal,39,1,0,0,0,0,286,641
causal,39,2,6,6,1,1,587,1534
causal,39,3,7,7,1,1,809,2361
causal,39,4,4,4,1,1,1086,3119
causal,39,5,6,6,1,1,1073,3947
causal,39,6,2,2,1,1,1134,4636
causal,39,7,5,5,1,1,1506,5339
causal,40,1,0,0,0,0,344,808
causal,40,2,8,8,1,1,678,1869
causal,40,3,4,4,1,1,565,2853
causal,40,4,9,9,1,1,1428,3701
causal,40,5,5,5,1,1,1764,4774
causal,41,1,0,0,0,0,446,908
causal,41,2,4,4,1,1,754,2294
causal,41,3,7,7,1,1,1164,3353
causal,41,4,13,13,1,1,1879,4455
causal,41,5,10,10,1,1,2351,5645
causal,41,6,6,6,1,1,2337,6793
causal,41,7,15,14,0,1,3147,7819
causal,41,8,17,15,0,1,2775,8970
causal,42,1,0,0,0,0,485,1003
causal,42,2,2,2,1,1,513,2551
causal,42,3,7,7,1,1,1445,3632
causal,42,4,7,7,1,1,1927,4987
causal,42,5,17,17,1,1,2407,6241
causal,42,6,7,7,1,1,2494,7555
causal,42,7,7,7,1,1,2828,8738
causal,42,8,9,9,1,1,3858,9990
causal,43,1,0,0,0,0,403,851
causal,43,2,9,9,1,1,890,2077
causal,43,3,10,9,0,1,1334,3183
causal,43,4,11,11,1,1,1931,4186
causal,43,5,12,12,1,1,2410,5215
causal,44,1,0,0,0,0,372,973
causal,44,2,6,6,1,1,803,2359
causal,44,3,7,7,1,1,1192,3495
causal,44,4,5,5,1,1,1052,4648
causal,44,5,6,6,1,1,2261,5657
causal,44,6,16,15,0,1,2357,6813
causal,45,1,0,0,0,0,434,810
causal,45,2,9,8,0,1,725,1988
causal,45,3,8,8,1,1,1187,3022
causal,45,4,5,5,1,1,1289,3963
causal,45,5,5,5,1,1,1961,4817
causal,45,6,8,8,1,1,2604,5747
causal,45,7,9,9,1,1,2891,6826
causal,46,1,0,0,0,0,106,376
causal,46,2,3,3,1,1,186,858
causal,46,3,3,3,1,1,398,1265
causal,46,4,3,3,1,1,528,1741
causal,46,5,0,0,0,0,127,2163
causal,46,6,3,2,0,1,563,2540
causal,46,7,3,3,1,1,787,3017
causal,46,8,4,4,1,1,818,3522
causal,47,1,0,0,0,0,96,361
causal,47,2,2,2,1,1,280,856
causal,47,3,1,1,1,1,221,1311
causal,47,4,2,2,1,1,189,1768
causal,47,5,4,4,1,1,591,2177
causal,47,6,1,1,1,1,429,2653
causal,47,7,2,2,1,1,415,3063
causal,47,8,3,3,1,1,733,3471
causal,48,1,0,0,0,0,86,370
causal,48,2,2,2,1,1,91,831
causal,48,3,0,0,0,0,1091,1230
causal,48,4,3,3,1,1,740,1558
causal,48,5,2,2,1,1,558,1984
causal,48,6,1,1,1,1,529,2388
causal,48,7,2,2,1,1,426,2805
causal,48,8,2,2,1,1,806,3187
causal,49,1,0,0,0,0,130,343
causal,49,2,3,3,1,1,198,808
causal,49,3,1,1,1,1,165,1228
causal,49,4,0,0,0,0,460,1558
causal,49,5,2,2,1,1,488,1994
causal,49,6,2,2,1,1,577,2387
causal,49,7,1,1,1,1,678,2786
causal,49,8,4,4,1,1,1012,3216
causal,50,1,0,0,0,0,171,347
causal,50,2,5,5,1,1,274,1009
causal,50,3,2,2,1,1,363,1476
causal,50,4,4,4,1,1,671,1966
causal,50,5,3,3,1,1,828,2472
causal,51,1,0,0,0,0,240,688
causal,51,2,6,6,1,1,708,1599
causal,51,3,4,4,1,1,539,2472
causal,51,4,6,6,1,1,1418,3258
causal,51,5,6,6,1,1,1778,4311
causal,51,6,2,2,1,1,1633,5227
causal,51,7,5,5,1,1,2483,6013
causal,52,1,0,0,0,0,325,654
causal,52,2,5,5,1,1,645,1570
causal,52,3,7,7,1,1,749,2337
causal,52,4,8,8,1,1,820,3095
causal,52,5,9,9,1,1,1270,3844
causal,52,6,6,6,1,1,1938,4626
causal,52,7,4,4,1,1,1674,5441
causal,53,1,0,0,0,0,319,681
causal,53,2,2,2,1,1,555,1710
causal,53,3,5,5,1,1,904,2542
causal,53,4,5,5,1,1,1106,3444
causal,53,5,7,7,1,1,1204,4228
causal,53,6,4,4,1,1,1236,5055
causal,54,1,0,0,0,0,242,638
causal,54,2,5,5,1,1,466,1566
causal,54,3,3,3,1,1,702,2320
causal,54,4,8,8,1,1,1230,3088
causal,54,5,5,5,1,1,1056,3916
causal,55,1,0,0,0,0,288,620
causal,55,2,4,4,1,1,480,1437
causal,55,3,3,3,1,1,874,2195
causal,55,4,2,2,1,1,360,3001
causal,55,5,7,7,1,1,1466,3673
causal,56,1,0,0,0,0,527,940
causal,56,2,7,7,1,1,1063,2315
causal,56,3,4,4,1,1,1360,3585
causal,56,4,6,6,1,1,1910,4753
causal,56,5,6,6,1,1,2680,5899
causal,57,1,0,0,0,0,455,989
causal,57,2,3,3,1,1,496,2436
causal,57,3,7,7,1,1,927,3531
causal,57,4,2,2,1,1,1350,4754
causal,57,5,8,8,1,1,2267,5947
causal,57,6,5,5,1,1,2723,7355
causal,57,7,7,7,1,1,3170,8593
causal,58,1,0,0,0,0,475,873
causal,58,2,4,4,1,1,837,2411
causal,58,3,6,6,1,1,1276,3489
causal,58,4,9,9,1,1,2045,4631
causal,58,5,9,9,1,1,2016,5801
causal,59,1,0,0,0,0,349,865
causal,59,2,10,10,1,1,917,2117
causal,59,3,6,6,1,1,1084,3355
causal,59,4,7,7,1,1,1230,4547
causal,59,5,4,4,1,1,1590,5698
causal,59,6,4,4,1,1,2626,6711
causal,59,7,8,7,0,1,2500,7895
causal,60,1,0,0,0,0,457,877
causal,60,2,10,10,1,1,913,2372
causal,60,3,4,4,1,1,1160,3560
causal,60,4,6,6,1,1,1906,4567
causal,60,5,6,6,1,1,1781,5721
causal,60,6,5,5,1,1,2854,6810
causal,60,7,9,9,1,1,3006,7924
causal-scaffold,1,1,0,0,0,0,272,376
causal-scaffold,1,2,1,1,1,1,374,846
causal-scaffold,1,3,1,1,1,1,772,1186
causal-scaffold,1,4,4,4,1,1,966,1640
causal-scaffold,1,5,3,3,1,1,1272,2034
causal-scaffold,1,6,4,4,1,1,1365,2472
causal-scaffold,1,7,2,2,1,1,1282,2921
causal-scaffold,1,8,5,5,1,1,1919,3323
causal-scaffold,2,1,0,0,0,0,235,361
causal-scaffold,2,2,3,3,1,1,446,805
causal-scaffold,2,3,1,1,1,1,544,1268
causal-scaffold,2,4,2,2,1,1,852,1624
causal-scaffold,2,5,3,3,1,1,1200,1976
causal-scaffold,2,6,0,0,0,0,1798,2359
causal-scaffold,2,7,3,3,1,1,1551,2690
causal-scaffold,3,1,0,0,0,0,272,371
causal-scaffold,3,2,1,1,1,1,391,888
causal-scaffold,3,3,3,3,1,1,726,1226
causal-scaffold,3,4,3,3,1,1,1178,1637
causal-scaffold,3,5,4,4,1,1,1475,2105
causal-scaffold,3,6,5,5,1,1,1777,2544
causal-scaffold,3,7,2,2,1,1,1745,3097
causal-scaffold,3,8,0,0,0,0,1664,3504
causal-scaffold,4,1,0,0,0,0,244,342
causal-scaffold,4,2,2,2,1,1,459,804
causal-scaffold,4,3,1,1,1,1,517,1165
causal-scaffold,4,4,4,4,1,1,793,1505
causal-scaffold,4,5,2,2,1,1,1003,1866
causal-scaffold,4,6,4,4,1,1,1450,2262
causal-scaffold,4,7,3,3,1,1,1495,2742
causal-scaffold,4,8,2,2,1,1,1480,3125
causal-scaffold,5,1,0,0,0,0,284,349
causal-scaffold,5,2,5,5,1,1,565,840
causal-scaffold,5,3,2,2,1,1,577,1323
causal-scaffold,5,4,3,3,1,1,1016,1660
causal-scaffold,5,5,5,5,1,1,1199,2137
causal-scaffold,5,6,3,3,1,1,1436,2527
causal-scaffold,6,1,0,0,0,0,565,688
causal-scaffold,6,2,3,3,1,1,1041,1776
causal-scaffold,6,3,7,7,1,1,1704,2511
causal-scaffold,6,4,6,6,1,1,2264,3429
causal-scaffold,6,5,4,4,1,1,2624,4431
causal-scaffold,6,6,7,7,1,1,3384,5176
causal-scaffold,7,1,0,0,0,0,484,654
causal-scaffold,7,2,2,2,1,1,888,1522
causal-scaffold,7,3,7,7,1,1,1614,2241
causal-scaffold,7,4,6,6,1,1,2144,3101
causal-scaffold,7,5,4,4,1,1,2235,3975
causal-scaffold,7,6,6,6,1,1,3225,4663
causal-scaffold,8,1,0,0,0,0,528,682
causal-scaffold,8,2,5,5,1,1,1090,1574
causal-scaffold,8,3,7,7,1,1,1687,2447
causal-scaffold,8,4,6,6,1,1,2256,3385
causal-scaffold,8,5,6,6,1,1,2722,4223
causal-scaffold,9,1,0,0,0,0,538,637
causal-scaffold,9,2,3,3,1,1,1068,1536
causal-scaffold,9,3,9,9,1,1,1600,2348
causal-scaffold,9,4,6,6,1,1,2139,3210
causal-scaffold,9,5,5,5,1,1,2589,4043
causal-scaffold,10,1,0,0,0,0,502,621
causal-scaffold,10,2,7,7,1,1,910,1554
causal-scaffold,10,3,5,5,1,1,1353,2272
causal-scaffold,10,4,6,6,1,1,2020,2968
causal-scaffold,10,5,9,9,1,1,2436,3724
causal-scaffold,10,6,4,4,1,1,2601,4541
causal-scaffold,11,1,0,0,0,0,831,940
causal-scaffold,11,2,6,6,1,1,1572,2419
causal-scaffold,11,3,6,6,1,1,2307,3458
causal-scaffold,11,4,11,11,1,1,3148,4537
causal-scaffold,11,5,8,8,1,1,4197,5624
causal-scaffold,11,6,4,4,1,1,4354,6867
causal-scaffold,11,7,8,8,1,1,5854,7926
causal-scaffold,11,8,10,10,1,1,6689,9061
causal-scaffold,12,1,0,0,0,0,728,989
causal-scaffold,12,2,5,5,1,1,1407,2358
causal-scaffold,12,3,11,11,1,1,1992,3545
causal-scaffold,12,4,6,6,1,1,2922,4795
causal-scaffold,12,5,7,7,1,1,3747,5927
causal-scaffold,12,6,4,4,1,1,3828,7161
causal-scaffold,12,7,4,4,1,1,4566,8282
causal-scaffold,12,8,11,11,1,1,5797,9361
causal-scaffold,13,1,0,0,0,0,804,873
causal-scaffold,13,2,8,8,1,1,1583,2183
causal-scaffold,13,3,8,8,1,1,2384,3289
causal-scaffold,13,4,6,6,1,1,2678,4342
causal-scaffold,13,5,6,6,1,1,3967,5366
causal-scaffold,13,6,8,8,1,1,4744,6415
causal-scaffold,14,1,0,0,0,0,750,864
causal-scaffold,14,2,5,5,1,1,1296,2247
causal-scaffold,14,3,8,8,1,1,1943,3291
causal-scaffold,14,4,7,7,1,1,2957,4339
causal-scaffold,14,5,7,7,1,1,3774,5361
causal-scaffold,14,6,3,3,1,1,4076,6403
causal-scaffold,14,7,3,3,1,1,4806,7459
causal-scaffold,15,1,0,0,0,0,778,876
causal-scaffold,15,2,7,7,1,1,1394,2270
causal-scaffold,15,3,6,6,1,1,2085,3337
causal-scaffold,15,4,10,10,1,1,3019,4440
causal-scaffold,15,5,8,8,1,1,3653,5558
causal-scaffold,15,6,7,7,1,1,3865,6641
causal-scaffold,15,7,8,8,1,1,5412,7705
causal-scaffold,15,8,8,8,1,1,5456,8883
causal-scaffold,16,1,0,0,0,0,220,337
causal-scaffold,16,2,1,1,1,1,408,764
causal-scaffold,16,3,5,5,1,1,655,1059
causal-scaffold,16,4,4,4,1,1,819,1500
causal-scaffold,16,5,5,5,1,1,1022,1840
causal-scaffold,16,6,2,2,1,1,1233,2209
causal-scaffold,16,7,2,2,1,1,1337,2518
causal-scaffold,17,1,0,0,0,0,237,362
causal-scaffold,17,2,5,5,1,1,521,935
causal-scaffold,17,3,1,1,1,1,497,1459
causal-scaffold,17,4,3,3,1,1,872,1804
causal-scaffold,17,5,3,3,1,1,1293,2238
causal-scaffold,18,1,0,0,0,0,234,367
causal-scaffold,18,2,1,1,1,1,367,793
causal-scaffold,18,3,3,3,1,1,629,1139
causal-scaffold,18,4,3,3,1,1,780,1587
causal-scaffold,18,5,2,2,1,1,1003,1989
causal-scaffold,18,6,3,3,1,1,1331,2316
causal-scaffold,18,7,4,4,1,1,1580,2747
causal-scaffold,18,8,3,2,0,1,1770,3119
causal-scaffold,19,1,0,0,0,0,237,338
causal-scaffold,19,2,3,3,1,1,415,813
causal-scaffold,19,3,3,3,1,1,649,1183
causal-scaffold,19,4,3,3,1,1,857,1551
causal-scaffold,19,5,4,4,1,1,1216,1978
causal-scaffold,19,6,5,5,1,1,1387,2407
causal-scaffold,20,1,0,0,0,0,220,327
causal-scaffold,20,2,1,1,1,1,332,754
causal-scaffold,20,3,2,2,1,1,624,1034
causal-scaffold,20,4,0,0,0,0,1023,1382
causal-scaffold,20,5,4,4,1,1,1167,1653
causal-scaffold,20,6,2,2,1,1,1250,2014
causal-scaffold,20,7,1,1,1,1,1522,2377
causal-scaffold,21,1,0,0,0,0,578,666
causal-scaffold,21,2,3,3,1,1,896,1633
causal-scaffold,21,3,5,5,1,1,1735,2496
causal-scaffold,21,4,6,6,1,1,2160,3245
causal-scaffold,21,5,4,4,1,1,2871,4026
causal-scaffold,21,6,4,4,1,1,3019,4782
causal-scaffold,22,1,0,0,0,0,558,709
causal-scaffold,22,2,7,7,1,1,1092,1805
causal-scaffold,22,3,5,5,1,1,1706,2761
causal-scaffold,22,4,6,6,1,1,1872,3740
causal-scaffold,22,5,2,2,1,1,2474,4620
causal-scaffold,22,6,5,5,1,1,2952,5397
causal-scaffold,22,7,4,4,1,1,3554,6185
causal-scaffold,22,8,3,3,1,1,3917,6973
causal-scaffold,23,1,0,0,0,0,514,642
causal-scaffold,23,2,3,3,1,1,877,1580
causal-scaffold,23,3,4,4,1,1,1477,2277
causal-scaffold,23,4,5,5,1,1,1679,2973
causal-scaffold,23,5,6,6,1,1,2453,3690
causal-scaffold,23,6,3,3,1,1,3041,4387
causal-scaffold,23,7,3,3,1,1,2801,5184
causal-scaffold,24,1,0,0,0,0,473,600
causal-scaffold,24,2,7,7,1,1,1053,1470
causal-scaffold,24,3,4,4,1,1,1369,2257
causal-scaffold,24,4,7,7,1,1,1962,2970
causal-scaffold,24,5,6,6,1,1,2622,3722
causal-scaffold,24,6,12,12,1,1,3144,4463
causal-scaffold,25,1,0,0,0,0,520,678
causal-scaffold,25,2,4,4,1,1,773,1553
causal-scaffold,25,3,7,7,1,1,1494,2308
causal-scaffold,25,4,3,3,1,1,1999,3110
causal-scaffold,25,5,3,3,1,1,2211,3825
causal-scaffold,25,6,3,3,1,1,2996,4572
causal-scaffold,25,7,4,4,1,1,3486,5385
causal-scaffold,26,1,0,0,0,0,784,983
causal-scaffold,26,2,8,8,1,1,1531,2382
causal-scaffold,26,3,6,6,1,1,1876,3612
causal-scaffold,26,4,6,6,1,1,2903,4755
causal-scaffold,26,5,6,6,1,1,3906,5793
causal-scaffold,26,6,10,10,1,1,4093,6855
causal-scaffold,26,7,10,10,1,1,5042,7894
causal-scaffold,27,1,0,0,0,0,832,993
causal-scaffold,27,2,8,8,1,1,1538,2435
causal-scaffold,27,3,7,7,1,1,2582,3687
causal-scaffold,27,4,7,7,1,1,3427,4919
causal-scaffold,27,5,12,12,1,1,4029,6161
causal-scaffold,27,6,11,11,1,1,5186,7409
causal-scaffold,28,1,0,0,0,0,719,903
causal-scaffold,28,2,8,8,1,1,1498,2186
causal-scaffold,28,3,10,10,1,1,2247,3362
causal-scaffold,28,4,17,14,0,1,2626,4389
causal-scaffold,28,5,7,7,1,1,3751,5388
causal-scaffold,28,6,4,4,1,1,3692,6508
causal-scaffold,28,7,5,5,1,1,5242,7457
causal-scaffold,28,8,8,8,1,1,5992,8469
causal-scaffold,29,1,0,0,0,0,831,907
causal-scaffold,29,2,5,5,1,1,1510,2251
causal-scaffold,29,3,7,7,1,1,2508,3350
causal-scaffold,29,4,9,9,1,1,3345,4479
causal-scaffold,29,5,7,7,1,1,4082,5692
causal-scaffold,29,6,9,9,1,1,5017,6904
causal-scaffold,29,7,22,22,1,1,5837,8029
causal-scaffold,29,8,6,6,1,1,6096,9285
causal-scaffold,30,1,0,0,0,0,595,804
causal-scaffold,30,2,5,5,1,1,1417,2049
causal-scaffold,30,3,8,8,1,1,1976,3209
causal-scaffold,30,4,4,4,1,1,2613,4168
causal-scaffold,30,5,10,10,1,1,3533,5138
causal-scaffold,31,1,0,0,0,0,257,413
causal-scaffold,31,2,3,3,1,1,504,899
causal-scaffold,31,3,4,4,1,1,702,1371
causal-scaffold,31,4,3,3,1,1,985,1785
causal-scaffold,31,5,3,3,1,1,1236,2191
causal-scaffold,31,6,3,3,1,1,1402,2585
causal-scaffold,31,7,3,3,1,1,1733,3041
causal-scaffold,32,1,0,0,0,0,233,350
causal-scaffold,32,2,1,1,1,1,430,833
causal-scaffold,32,3,4,4,1,1,652,1202
causal-scaffold,32,4,5,5,1,1,1028,1582
causal-scaffold,32,5,2,2,1,1,1017,2051
causal-scaffold,32,6,5,5,1,1,1388,2423
causal-scaffold,32,7,3,3,1,1,1632,2862
causal-scaffold,32,8,4,4,1,1,2089,3318
causal-scaffold,33,1,0,0,0,0,286,377
causal-scaffold,33,2,2,2,1,1,510,951
causal-scaffold,33,3,2,2,1,1,677,1342
causal-scaffold,33,4,2,2,1,1,958,1729
causal-scaffold,33,5,2,2,1,1,1076,2169
causal-scaffold,33,6,4,4,1,1,1686,2546
causal-scaffold,33,7,2,2,1,1,1785,2986
causal-scaffold,33,8,1,1,1,1,1369,3464
causal-scaffold,34,1,0,0,0,0,221,368
causal-scaffold,34,2,4,4,1,1,441,849
causal-scaffold,34,3,4,4,1,1,665,1246
causal-scaffold,34,4,1,1,1,1,884,1666
causal-scaffold,34,5,5,5,1,1,1165,2052
causal-scaffold,35,1,0,0,0,0,239,391
causal-scaffold,35,2,2,2,1,1,420,922
causal-scaffold,35,3,2,2,1,1,633,1302
causal-scaffold,35,4,5,5,1,1,946,1719
causal-scaffold,35,5,2,2,1,1,913,2240
causal-scaffold,35,6,4,4,1,1,1263,2617
causal-scaffold,36,1,0,0,0,0,434,663
causal-scaffold,36,2,3,3,1,1,1054,1406
causal-scaffold,36,3,7,7,1,1,1575,2252
causal-scaffold,36,4,5,5,1,1,2169,3101
causal-scaffold,36,5,5,5,1,1,2608,3848
causal-scaffold,36,6,8,8,1,1,3250,4540
causal-scaffold,36,7,7,7,1,1,3793,5469
causal-scaffold,37,1,0,0,0,0,510,617
causal-scaffold,37,2,6,6,1,1,1025,1638
causal-scaffold,37,3,7,7,1,1,1543,2360
causal-scaffold,37,4,6,6,1,1,1997,3122
causal-scaffold,37,5,9,9,1,1,2490,3859
causal-scaffold,37,6,4,4,1,1,2876,4643
causal-scaffold,38,1,0,0,0,0,570,708
causal-scaffold,38,2,4,4,1,1,947,1783
causal-scaffold,38,3,4,4,1,1,1480,2459
causal-scaffold,38,4,5,5,1,1,2264,3194
causal-scaffold,38,5,6,6,1,1,2818,3963
causal-scaffold,38,6,7,6,0,1,3042,4777
causal-scaffold,38,7,2,2,1,1,3394,5518
causal-scaffold,39,1,0,0,0,0,506,641
causal-scaffold,39,2,6,6,1,1,1027,1534
causal-scaffold,39,3,7,7,1,1,1481,2361
causal-scaffold,39,4,4,4,1,1,1982,3119
causal-scaffold,39,5,6,6,1,1,2193,3947
causal-scaffold,39,6,2,2,1,1,2622,4636
causal-scaffold,39,7,5,5,1,1,3074,5339
causal-scaffold,40,1,0,0,0,0,565,808
causal-scaffold,40,2,8,8,1,1,1120,1869
causal-scaffold,40,3,4,4,1,1,1303,2853
causal-scaffold,40,4,9,9,1,1,2296,3701
causal-scaffold,40,5,5,5,1,1,2849,4774
causal-scaffold,41,1,0,0,0,0,733,908
causal-scaffold,41,2,4,4,1,1,1320,2294
causal-scaffold,41,3,7,7,1,1,2079,3353
causal-scaffold,41,4,13,13,1,1,3011,4455
causal-scaffold,41,5,10,10,1,1,3766,5645
causal-scaffold,41,6,6,6,1,1,4167,6793
causal-scaffold,41,7,15,14,0,1,5156,7819
causal-scaffold,41,8,17,15,0,1,5450,8970
causal-scaffold,42,1,0,0,0,0,775,1003
causal-scaffold,42,2,2,2,1,1,1205,2551
causal-scaffold,42,3,7,7,1,1,2315,3632
causal-scaffold,42,4,7,7,1,1,3087,4987
causal-scaffold,42,5,17,17,1,1,3857,6241
causal-scaffold,42,6,7,7,1,1,4400,7555
causal-scaffold,42,7,7,7,1,1,5041,8738
causal-scaffold,42,8,9,9,1,1,6178,9990
causal-scaffold,43,1,0,0,0,0,706,851
causal-scaffold,43,2,9,9,1,1,1448,2077
causal-scaffold,43,3,10,9,0,1,2171,3183
causal-scaffold,43,4,11,11,1,1,3031,4186
causal-scaffold,43,5,12,12,1,1,3785,5215
causal-scaffold,44,1,0,0,0,0,734,973
causal-scaffold,44,2,6,6,1,1,1493,2359
causal-scaffold,44,3,7,7,1,1,2203,3495
causal-scaffold,44,4,5,5,1,1,2627,4648
causal-scaffold,44,5,6,6,1,1,3841,5657
causal-scaffold,44,6,16,15,0,1,4383,6813
causal-scaffold,45,1,0,0,0,0,702,810
causal-scaffold,45,2,9,8,0,1,1314,1988
causal-scaffold,45,3,8,8,1,1,2068,3022
causal-scaffold,45,4,5,5,1,1,2551,3963
causal-scaffold,45,5,5,5,1,1,3426,4817
causal-scaffold,45,6,8,8,1,1,4212,5747
causal-scaffold,45,7,9,9,1,1,4795,6826
causal-scaffold,46,1,0,0,0,0,231,376
causal-scaffold,46,2,3,3,1,1,428,858
causal-scaffold,46,3,3,3,1,1,761,1265
causal-scaffold,46,4,3,3,1,1,1012,1741
causal-scaffold,46,5,0,0,0,0,973,2163
causal-scaffold,46,6,3,3,1,1,1435,2540
causal-scaffold,46,7,3,3,1,1,1662,3017
causal-scaffold,46,8,4,4,1,1,1786,3522
causal-scaffold,47,1,0,0,0,0,263,361
causal-scaffold,47,2,2,2,1,1,518,856
causal-scaffold,47,3,1,1,1,1,729,1311
causal-scaffold,47,4,2,2,1,1,793,1768
causal-scaffold,47,5,4,4,1,1,1206,2177
causal-scaffold,47,6,1,1,1,1,1167,2653
causal-scaffold,47,7,2,2,1,1,1582,3063
causal-scaffold,47,8,3,3,1,1,1685,3471
causal-scaffold,48,1,0,0,0,0,227,370
causal-scaffold,48,2,2,2,1,1,419,831
causal-scaffold,48,3,0,0,0,0,1091,1230
causal-scaffold,48,4,3,3,1,1,1188,1558
causal-scaffold,48,5,2,2,1,1,1118,1984
causal-scaffold,48,6,1,1,1,1,1225,2388
causal-scaffold,48,7,2,2,1,1,1238,2805
causal-scaffold,48,8,2,2,1,1,1903,3187
causal-scaffold,49,1,0,0,0,0,244,343
causal-scaffold,49,2,3,3,1,1,426,808
causal-scaffold,49,3,1,1,1,1,519,1228
causal-scaffold,49,4,0,0,0,0,916,1558
causal-scaffold,49,5,2,2,1,1,1078,1994
causal-scaffold,49,6,2,2,1,1,1285,2387
causal-scaffold,49,7,1,1,1,1,1476,2786
causal-scaffold,49,8,4,4,1,1,1924,3216
causal-scaffold,50,1,0,0,0,0,283,347
causal-scaffold,50,2,5,5,1,1,498,1009
causal-scaffold,50,3,2,2,1,1,699,1476
causal-scaffold,50,4,4,4,1,1,1119,1966
causal-scaffold,50,5,3,3,1,1,1388,2472
causal-scaffold,51,1,0,0,0,0,475,688
causal-scaffold,51,2,6,6,1,1,1128,1599
causal-scaffold,51,3,4,4,1,1,1181,2472
causal-scaffold,51,4,6,6,1,1,2258,3258
causal-scaffold,51,5,6,6,1,1,2828,4311
causal-scaffold,51,6,2,2,1,1,3046,5227
causal-scaffold,51,7,5,5,1,1,3953,6013
causal-scaffold,52,1,0,0,0,0,540,654
causal-scaffold,52,2,5,5,1,1,1075,1570
causal-scaffold,52,3,7,7,1,1,1406,2337
causal-scaffold,52,4,8,8,1,1,1781,3095
causal-scaffold,52,5,9,9,1,1,2500,3844
causal-scaffold,52,6,6,6,1,1,3228,4626
causal-scaffold,52,7,4,4,1,1,3365,5441
causal-scaffold,53,1,0,0,0,0,546,681
causal-scaffold,53,2,2,2,1,1,1059,1710
causal-scaffold,53,3,5,5,1,1,1648,2542
causal-scaffold,53,4,5,5,1,1,2114,3444
causal-scaffold,53,5,7,7,1,1,2339,4228
causal-scaffold,53,6,4,4,1,1,2574,5055
causal-scaffold,54,1,0,0,0,0,485,638
causal-scaffold,54,2,5,5,1,1,906,1566
causal-scaffold,54,3,3,3,1,1,1362,2320
causal-scaffold,54,4,8,8,1,1,2110,3088
causal-scaffold,54,5,5,5,1,1,2273,3916
causal-scaffold,55,1,0,0,0,0,502,620
causal-scaffold,55,2,4,4,1,1,900,1437
causal-scaffold,55,3,3,3,1,1,1516,2195
causal-scaffold,55,4,2,2,1,1,1324,3001
causal-scaffold,55,5,7,7,1,1,2536,3673
causal-scaffold,56,1,0,0,0,0,831,940
causal-scaffold,56,2,7,7,1,1,1671,2315
causal-scaffold,56,3,4,4,1,1,2351,3585
causal-scaffold,56,4,6,6,1,1,3142,4753
causal-scaffold,56,5,6,6,1,1,4200,5899
causal-scaffold,57,1,0,0,0,0,745,989
causal-scaffold,57,2,3,3,1,1,1189,2436
causal-scaffold,57,3,7,7,1,1,1905,3531
causal-scaffold,57,4,2,2,1,1,2739,4754
causal-scaffold,57,5,8,8,1,1,3717,5947
causal-scaffold,57,6,5,5,1,1,4463,7355
causal-scaffold,57,7,7,7,1,1,5200,8593
causal-scaffold,58,1,0,0,0,0,785,873
causal-scaffold,58,2,4,4,1,1,1465,2411
causal-scaffold,58,3,6,6,1,1,2235,3489
causal-scaffold,58,4,9,9,1,1,3197,4631
causal-scaffold,58,5,9,9,1,1,3456,5801
causal-scaffold,59,1,0,0,0,0,676,865
causal-scaffold,59,2,10,10,1,1,1511,2117
causal-scaffold,59,3,6,6,1,1,2053,3355
causal-scaffold,59,4,7,7,1,1,2509,4547
causal-scaffold,59,5,4,4,1,1,3233,5698
causal-scaffold,59,6,4,4,1,1,4432,6711
causal-scaffold,59,7,8,7,0,1,4927,7895
causal-scaffold,60,1,0,0,0,0,761,877
causal-scaffold,60,2,10,10,1,1,1521,2372
causal-scaffold,60,3,4,4,1,1,2153,3560
causal-scaffold,60,4,6,6,1,1,3106,4567
causal-scaffold,60,5,6,6,1,1,3281,5721
causal-scaffold,60,6,5,5,1,1,4654,6810
causal-scaffold,60,7,9,9,1,1,5305,7924
causal-learned,1,1,0,0,0,0,350,376
causal-learned,1,2,1,1,1,1,517,846
causal-learned,1,3,1,1,1,1,678,1186
causal-learned,1,4,4,4,1,1,833,1640
causal-learned,1,5,3,3,1,1,988,2034
causal-learned,1,6,4,4,1,1,1145,2472
causal-learned,1,7,2,2,1,1,1312,2921
causal-learned,1,8,5,5,1,1,1464,3323
causal-learned,2,1,0,0,0,0,310,361
causal-learned,2,2,3,3,1,1,438,805
causal-learned,2,3,1,1,1,1,575,1268
causal-learned,2,4,2,2,1,1,710,1624
causal-learned,2,5,3,3,1,1,840,1976
causal-learned,2,6,0,0,0,0,968,2359
causal-learned,2,7,3,3,1,1,1108,2690
causal-learned,3,1,0,0,0,0,369,371
causal-learned,3,2,1,1,1,1,548,888
causal-learned,3,3,3,3,1,1,731,1226
causal-learned,3,4,3,3,1,1,909,1637
causal-learned,3,5,4,4,1,1,1094,2105
causal-learned,3,6,5,5,1,1,1284,2544
causal-learned,3,7,2,2,1,1,1454,3097
causal-learned,3,8,0,0,0,0,1641,3504
causal-learned,4,1,0,0,0,0,308,342
causal-learned,4,2,2,2,1,1,435,804
causal-learned,4,3,1,1,1,1,561,1165
causal-learned,4,4,4,4,1,1,686,1505
causal-learned,4,5,2,2,1,1,813,1866
causal-learned,4,6,4,4,1,1,944,2262
causal-learned,4,7,3,3,1,1,1070,2742
causal-learned,4,8,2,2,1,1,1194,3125
causal-learned,5,1,0,0,0,0,345,349
causal-learned,5,2,5,5,1,1,514,840
causal-learned,5,3,2,2,1,1,686,1323
causal-learned,5,4,3,3,1,1,854,1660
causal-learned,5,5,5,5,1,1,1034,2137
causal-learned,5,6,3,3,1,1,1202,2527
causal-learned,6,1,0,0,0,0,720,688
causal-learned,6,2,3,3,1,1,1090,1776
causal-learned,6,3,7,7,1,1,1439,2511
causal-learned,6,4,6,6,1,1,1789,3429
causal-learned,6,5,4,4,1,1,2135,4431
causal-learned,6,6,7,7,1,1,2489,5176
causal-learned,7,1,0,0,0,0,628,654
causal-learned,7,2,2,2,1,1,949,1522
causal-learned,7,3,7,7,1,1,1272,2241
causal-learned,7,4,6,6,1,1,1587,3101
causal-learned,7,5,4,4,1,1,1919,3975
causal-learned,7,6,6,6,1,1,2238,4663
causal-learned,8,1,0,0,0,0,674,682
causal-learned,8,2,5,5,1,1,1013,1574
causal-learned,8,3,7,7,1,1,1351,2447
causal-learned,8,4,6,6,1,1,1697,3385
causal-learned,8,5,6,6,1,1,2031,4223
causal-learned,9,1,0,0,0,0,633,637
causal-learned,9,2,3,3,1,1,947,1536
causal-learned,9,3,9,9,1,1,1263,2348
causal-learned,9,4,6,6,1,1,1586,3210
causal-learned,9,5,5,5,1,1,1911,4043
causal-learned,10,1,0,0,0,0,614,621
causal-learned,10,2,7,7,1,1,937,1554
causal-learned,10,3,5,5,1,1,1249,2272
causal-learned,10,4,6,6,1,1,1562,2968
causal-learned,10,5,9,9,1,1,1881,3724
causal-learned,10,6,4,4,1,1,2202,4541
causal-learned,11,1,0,0,0,0,1006,940
causal-learned,11,2,6,6,1,1,1558,2419
causal-learned,11,3,6,6,1,1,2090,3458
causal-learned,11,4,11,11,1,1,2629,4537
causal-learned,11,5,8,8,1,1,3156,5624
causal-learned,11,6,4,4,1,1,3678,6867
causal-learned,11,7,8,8,1,1,4205,7926
causal-learned,11,8,10,10,1,1,4736,9061
causal-learned,12,1,0,0,0,0,1028,989
causal-learned,12,2,5,5,1,1,1505,2358
causal-learned,12,3,11,11,1,1,1965,3545
causal-learned,12,4,6,6,1,1,2403,4795
causal-learned,12,5,7,7,1,1,2870,5927
causal-learned,12,6,4,4,1,1,3309,7161
causal-learned,12,7,4,4,1,1,3751,8282
causal-learned,12,8,11,11,1,1,4186,9361
causal-learned,13,1,0,0,0,0,959,873
causal-learned,13,2,8,8,1,1,1450,2183
causal-learned,13,3,8,8,1,1,1963,3289
causal-learned,13,4,6,6,1,1,2464,4342
causal-learned,13,5,6,6,1,1,2970,5366
causal-learned,13,6,8,8,1,1,3459,6415
causal-learned,14,1,0,0,0,0,898,864
causal-learned,14,2,5,5,1,1,1363,2247
causal-learned,14,3,8,8,1,1,1822,3291
causal-learned,14,4,7,7,1,1,2279,4339
causal-learned,14,5,7,7,1,1,2734,5361
causal-learned,14,6,3,3,1,1,3187,6403
causal-learned,14,7,3,3,1,1,3649,7459
causal-learned,15,1,0,0,0,0,916,876
causal-learned,15,2,7,7,1,1,1380,2270
causal-learned,15,3,6,6,1,1,1846,3337
causal-learned,15,4,10,10,1,1,2328,4440
causal-learned,15,5,8,8,1,1,2798,5558
causal-learned,15,6,7,7,1,1,3275,6641
causal-learned,15,7,8,8,1,1,3750,7705
causal-learned,15,8,8,8,1,1,4226,8883
causal-learned,16,1,0,0,0,0,261,337
causal-learned,16,2,1,1,1,1,380,764
causal-learned,16,3,5,5,1,1,494,1059
causal-learned,16,4,4,4,1,1,614,1500
causal-learned,16,5,5,5,1,1,734,1840
causal-learned,16,6,2,2,1,1,853,2209
causal-learned,16,7,2,2,1,1,967,2518
causal-learned,17,1,0,0,0,0,330,362
causal-learned,17,2,5,5,1,1,480,935
causal-learned,17,3,1,1,1,1,631,1459
causal-learned,17,4,3,3,1,1,780,1804
causal-learned,17,5,3,3,1,1,928,2238
causal-learned,18,1,0,0,0,0,321,367
causal-learned,18,2,1,1,1,1,461,793
causal-learned,18,3,3,3,1,1,611,1139
causal-learned,18,4,3,3,1,1,759,1587
causal-learned,18,5,2,2,1,1,900,1989
causal-learned,18,6,3,3,1,1,1043,2316
causal-learned,18,7,4,4,1,1,1192,2747
causal-learned,18,8,3,3,1,1,1336,3119
causal-learned,19,1,0,0,0,0,273,338
causal-learned,19,2,3,3,1,1,409,813
causal-learned,19,3,3,3,1,1,535,1183
causal-learned,19,4,3,3,1,1,661,1551
causal-learned,19,5,4,4,1,1,799,1978
causal-learned,19,6,5,5,1,1,936,2407
causal-learned,20,1,0,0,0,0,258,327
causal-learned,20,2,1,1,1,1,376,754
causal-learned,20,3,2,2,1,1,494,1034
causal-learned,20,4,0,0,0,0,615,1382
causal-learned,20,5,4,4,1,1,733,1653
causal-learned,20,6,2,2,1,1,853,2014
causal-learned,20,7,1,1,1,1,974,2377
causal-learned,21,1,0,0,0,0,697,666
causal-learned,21,2,3,3,1,1,1063,1633
causal-learned,21,3,5,5,1,1,1448,2496
causal-learned,21,4,6,6,1,1,1802,3245
causal-learned,21,5,4,4,1,1,2178,4026
causal-learned,21,6,4,4,1,1,2549,4782
causal-learned,22,1,0,0,0,0,715,709
causal-learned,22,2,7,7,1,1,1066,1805
causal-learned,22,3,5,5,1,1,1427,2761
causal-learned,22,4,6,6,1,1,1768,3740
causal-learned,22,5,2,2,1,1,2119,4620
causal-learned,22,6,5,5,1,1,2455,5397
causal-learned,22,7,4,4,1,1,2785,6185
causal-learned,22,8,3,3,1,1,3121,6973
causal-learned,23,1,0,0,0,0,636,642
causal-learned,23,2,3,3,1,1,944,1580
causal-learned,23,3,4,4,1,1,1245,2277
causal-learned,23,4,5,5,1,1,1551,2973
causal-learned,23,5,6,6,1,1,1849,3690
causal-learned,23,6,3,3,1,1,2148,4387
causal-learned,23,7,3,3,1,1,2466,5184
causal-learned,24,1,0,0,0,0,582,600
causal-learned,24,2,7,7,1,1,910,1470
causal-learned,24,3,4,4,1,1,1249,2257
causal-learned,24,4,7,7,1,1,1559,2970
causal-learned,24,5,6,6,1,1,1882,3722
causal-learned,24,6,12,12,1,1,2205,4463
causal-learned,25,1,0,0,0,0,651,678
causal-learned,25,2,4,4,1,1,961,1553
causal-learned,25,3,7,7,1,1,1264,2308
causal-learned,25,4,3,3,1,1,1578,3110
causal-learned,25,5,3,3,1,1,1884,3825
causal-learned,25,6,3,3,1,1,2193,4572
causal-learned,25,7,4,4,1,1,2492,5385
causal-learned,26,1,0,0,0,0,996,983
causal-learned,26,2,8,8,1,1,1471,2382
causal-learned,26,3,6,6,1,1,1930,3612
causal-learned,26,4,6,6,1,1,2407,4755
causal-learned,26,5,6,6,1,1,2870,5793
causal-learned,26,6,10,10,1,1,3337,6855
causal-learned,26,7,10,10,1,1,3804,7894
causal-learned,27,1,0,0,0,0,1060,993
causal-learned,27,2,8,8,1,1,1603,2435
causal-learned,27,3,7,7,1,1,2152,3687
causal-learned,27,4,7,7,1,1,2687,4919
causal-learned,27,5,12,12,1,1,3255,6161
causal-learned,27,6,11,11,1,1,3826,7409
causal-learned,28,1,0,0,0,0,900,903
causal-learned,28,2,8,8,1,1,1332,2186
causal-learned,28,3,10,10,1,1,1773,3362
causal-learned,28,4,17,17,1,1,2215,4389
causal-learned,28,5,7,7,1,1,2661,5388
causal-learned,28,6,4,4,1,1,3099,6508
causal-learned,28,7,5,5,1,1,3536,7457
causal-learned,28,8,8,8,1,1,3978,8469
causal-learned,29,1,0,0,0,0,970,907
causal-learned,29,2,5,5,1,1,1512,2251
causal-learned,29,3,7,7,1,1,2059,3350
causal-learned,29,4,9,9,1,1,2602,4479
causal-learned,29,5,7,7,1,1,3138,5692
causal-learned,29,6,9,9,1,1,3686,6904
causal-learned,29,7,22,22,1,1,4212,8029
causal-learned,29,8,6,6,1,1,4758,9285
causal-learned,30,1,0,0,0,0,831,804
causal-learned,30,2,5,5,1,1,1272,2049
causal-learned,30,3,8,8,1,1,1701,3209
causal-learned,30,4,4,4,1,1,2140,4168
causal-learned,30,5,10,10,1,1,2563,5138
causal-learned,31,1,0,0,0,0,356,413
causal-learned,31,2,3,3,1,1,520,899
causal-learned,31,3,4,4,1,1,676,1371
causal-learned,31,4,3,3,1,1,838,1785
causal-learned,31,5,3,3,1,1,1007,2191
causal-learned,31,6,3,3,1,1,1178,2585
causal-learned,31,7,3,3,1,1,1338,3041
causal-learned,32,1,0,0,0,0,297,350
causal-learned,32,2,1,1,1,1,442,833
causal-learned,32,3,4,4,1,1,592,1202
causal-learned,32,4,5,5,1,1,740,1582
causal-learned,32,5,2,2,1,1,899,2051
causal-learned,32,6,5,5,1,1,1059,2423
causal-learned,32,7,3,3,1,1,1217,2862
causal-learned,32,8,4,4,1,1,1369,3318
causal-learned,33,1,0,0,0,0,346,377
causal-learned,33,2,2,2,1,1,506,951
causal-learned,33,3,2,2,1,1,674,1342
causal-learned,33,4,2,2,1,1,841,1729
causal-learned,33,5,2,2,1,1,1010,2169
causal-learned,33,6,4,4,1,1,1176,2546
causal-learned,33,7,2,2,1,1,1335,2986
causal-learned,33,8,1,1,1,1,1500,3464
causal-learned,34,1,0,0,0,0,269,368
causal-learned,34,2,4,4,1,1,395,849
causal-learned,34,3,4,4,1,1,516,1246
causal-learned,34,4,1,1,1,1,638,1666
causal-learned,34,5,5,5,1,1,757,2052
causal-learned,35,1,0,0,0,0,326,391
causal-learned,35,2,2,2,1,1,456,922
causal-learned,35,3,2,2,1,1,587,1302
causal-learned,35,4,5,5,1,1,709,1719
causal-learned,35,5,2,2,1,1,838,2240
causal-learned,35,6,4,4,1,1,971,2617
causal-learned,36,1,0,0,0,0,631,663
causal-learned,36,2,3,3,1,1,959,1406
causal-learned,36,3,7,7,1,1,1281,2252
causal-learned,36,4,5,5,1,1,1609,3101
causal-learned,36,5,5,5,1,1,1934,3848
causal-learned,36,6,8,8,1,1,2260,4540
causal-learned,36,7,7,7,1,1,2588,5469
causal-learned,37,1,0,0,0,0,590,617
causal-learned,37,2,6,6,1,1,899,1638
causal-learned,37,3,7,7,1,1,1211,2360
causal-learned,37,4,6,6,1,1,1529,3122
causal-learned,37,5,9,9,1,1,1841,3859
causal-learned,37,6,4,4,1,1,2139,4643
causal-learned,38,1,0,0,0,0,663,708
causal-learned,38,2,4,4,1,1,1012,1783
causal-learned,38,3,4,4,1,1,1357,2459
causal-learned,38,4,5,5,1,1,1694,3194
causal-learned,38,5,6,6,1,1,2027,3963
causal-learned,38,6,7,7,1,1,2371,4777
causal-learned,38,7,2,2,1,1,2711,5518
causal-learned,39,1,0,0,0,0,595,641
causal-learned,39,2,6,6,1,1,896,1534
causal-learned,39,3,7,7,1,1,1187,2361
causal-learned,39,4,4,4,1,1,1487,3119
causal-learned,39,5,6,6,1,1,1783,3947
causal-learned,39,6,2,2,1,1,2069,4636
causal-learned,39,7,5,5,1,1,2360,5339
causal-learned,40,1,0,0,0,0,789,808
causal-learned,40,2,8,8,1,1,1147,1869
causal-learned,40,3,4,4,1,1,1494,2853
causal-learned,40,4,9,9,1,1,1849,3701
causal-learned,40,5,5,5,1,1,2185,4774
causal-learned,41,1,0,0,0,0,913,908
causal-learned,41,2,4,4,1,1,1391,2294
causal-learned,41,3,7,7,1,1,1854,3353
causal-learned,41,4,13,13,1,1,2324,4455
causal-learned,41,5,10,10,1,1,2796,5645
causal-learned,41,6,6,6,1,1,3270,6793
causal-learned,41,7,15,15,1,1,3748,7819
causal-learned,41,8,17,17,1,1,4213,8970
causal-learned,42,1,0,0,0,0,1024,1003
causal-learned,42,2,2,2,1,1,1498,2551
causal-learned,42,3,7,7,1,1,1984,3632
causal-learned,42,4,7,7,1,1,2466,4987
causal-learned,42,5,17,17,1,1,2946,6241
causal-learned,42,6,7,7,1,1,3424,7555
causal-learned,42,7,7,7,1,1,3913,8738
causal-learned,42,8,9,9,1,1,4397,9990
causal-learned,43,1,0,0,0,0,854,851
causal-learned,43,2,9,9,1,1,1343,2077
causal-learned,43,3,10,10,1,1,1824,3183
causal-learned,43,4,11,11,1,1,2305,4186
causal-learned,43,5,12,12,1,1,2784,5215
causal-learned,44,1,0,0,0,0,959,973
causal-learned,44,2,6,6,1,1,1436,2359
causal-learned,44,3,7,7,1,1,1924,3495
causal-learned,44,4,5,5,1,1,2400,4648
causal-learned,44,5,6,6,1,1,2880,5657
causal-learned,44,6,16,16,1,1,3352,6813
causal-learned,45,1,0,0,0,0,821,810
causal-learned,45,2,9,9,1,1,1263,1988
causal-learned,45,3,8,8,1,1,1700,3022
causal-learned,45,4,5,5,1,1,2127,3963
causal-learned,45,5,5,5,1,1,2554,4817
causal-learned,45,6,8,8,1,1,2991,5747
causal-learned,45,7,9,9,1,1,3412,6826
causal-learned,46,1,0,0,0,0,350,376
causal-learned,46,2,3,3,1,1,508,858
causal-learned,46,3,3,3,1,1,661,1265
causal-learned,46,4,3,3,1,1,817,1741
causal-learned,46,5,0,0,0,0,968,2163
causal-learned,46,6,3,3,1,1,1135,2540
causal-learned,46,7,3,3,1,1,1292,3017
causal-learned,46,8,4,4,1,1,1447,3522
causal-learned,47,1,0,0,0,0,310,361
causal-learned,47,2,2,2,1,1,446,856
causal-learned,47,3,1,1,1,1,580,1311
causal-learned,47,4,2,2,1,1,711,1768
causal-learned,47,5,4,4,1,1,847,2177
causal-learned,47,6,1,1,1,1,974,2653
causal-learned,47,7,2,2,1,1,1111,3063
causal-learned,47,8,3,3,1,1,1256,3471
causal-learned,48,1,0,0,0,0,369,370
causal-learned,48,2,2,2,1,1,551,831
causal-learned,48,3,0,0,0,0,733,1230
causal-learned,48,4,3,3,1,1,919,1558
causal-learned,48,5,2,2,1,1,1091,1984
causal-learned,48,6,1,1,1,1,1268,2388
causal-learned,48,7,2,2,1,1,1448,2805
causal-learned,48,8,2,2,1,1,1620,3187
causal-learned,49,1,0,0,0,0,308,343
causal-learned,49,2,3,3,1,1,436,808
causal-learned,49,3,1,1,1,1,566,1228
causal-learned,49,4,0,0,0,0,690,1558
causal-learned,49,5,2,2,1,1,821,1994
causal-learned,49,6,2,2,1,1,941,2387
causal-learned,49,7,1,1,1,1,1061,2786
causal-learned,49,8,4,4,1,1,1190,3216
causal-learned,50,1,0,0,0,0,344,347
causal-learned,50,2,5,5,1,1,504,1009
causal-learned,50,3,2,2,1,1,665,1476
causal-learned,50,4,4,4,1,1,844,1966
causal-learned,50,5,3,3,1,1,1001,2472
causal-learned,51,1,0,0,0,0,720,688
causal-learned,51,2,6,6,1,1,1073,1599
causal-learned,51,3,4,4,1,1,1428,2472
causal-learned,51,4,6,6,1,1,1783,3258
causal-learned,51,5,6,6,1,1,2143,4311
causal-learned,51,6,2,2,1,1,2500,5227
causal-learned,51,7,5,5,1,1,2848,6013
causal-learned,52,1,0,0,0,0,628,654
causal-learned,52,2,5,5,1,1,948,1570
causal-learned,52,3,7,7,1,1,1275,2337
causal-learned,52,4,8,8,1,1,1600,3095
causal-learned,52,5,9,9,1,1,1921,3844
causal-learned,52,6,6,6,1,1,2241,4626
causal-learned,52,7,4,4,1,1,2560,5441
causal-learned,53,1,0,0,0,0,674,681
causal-learned,53,2,2,2,1,1,1018,1710
causal-learned,53,3,5,5,1,1,1366,2542
causal-learned,53,4,5,5,1,1,1700,3444
causal-learned,53,5,7,7,1,1,2029,4228
causal-learned,53,6,4,4,1,1,2364,5055
causal-learned,54,1,0,0,0,0,633,638
causal-learned,54,2,5,5,1,1,971,1566
causal-learned,54,3,3,3,1,1,1302,2320
causal-learned,54,4,8,8,1,1,1635,3088
causal-learned,54,5,5,5,1,1,1961,3916
causal-learned,55,1,0,0,0,0,614,620
causal-learned,55,2,4,4,1,1,923,1437
causal-learned,55,3,3,3,1,1,1247,2195
causal-learned,55,4,2,2,1,1,1576,3001
causal-learned,55,5,7,7,1,1,1887,3673
causal-learned,56,1,0,0,0,0,1006,940
causal-learned,56,2,7,7,1,1,1542,2315
causal-learned,56,3,4,4,1,1,2100,3585
causal-learned,56,4,6,6,1,1,2621,4753
causal-learned,56,5,6,6,1,1,3159,5899
causal-learned,57,1,0,0,0,0,1028,989
causal-learned,57,2,3,3,1,1,1470,2436
causal-learned,57,3,7,7,1,1,1929,3531
causal-learned,57,4,2,2,1,1,2381,4754
causal-learned,57,5,8,8,1,1,2840,5947
causal-learned,57,6,5,5,1,1,3296,7355
causal-learned,57,7,7,7,1,1,3743,8593
causal-learned,58,1,0,0,0,0,959,873
causal-learned,58,2,4,4,1,1,1471,2411
causal-learned,58,3,6,6,1,1,1979,3489
causal-learned,58,4,9,9,1,1,2488,4631
causal-learned,58,5,9,9,1,1,3002,5801
causal-learned,59,1,0,0,0,0,898,865
causal-learned,59,2,10,10,1,1,1362,2117
causal-learned,59,3,6,6,1,1,1817,3355
causal-learned,59,4,7,7,1,1,2283,4547
causal-learned,59,5,4,4,1,1,2740,5698
causal-learned,59,6,4,4,1,1,3192,6711
causal-learned,59,7,8,8,1,1,3665,7895
causal-learned,60,1,0,0,0,0,916,877
causal-learned,60,2,10,10,1,1,1393,2372
causal-learned,60,3,4,4,1,1,1866,3560
causal-learned,60,4,6,6,1,1,2344,4567
causal-learned,60,5,6,6,1,1,2806,5721
causal-learned,60,6,5,5,1,1,3292,6810
causal-learned,60,7,9,9,1,1,3769,7924
